<?xml version="1.0" encoding="UTF-8"?>
<?xml-stylesheet type="text/xsl" href="Preview20180710.xslt"?>
<NTC_NTM_PUBLICATION xmlns:xsi="http://www.w3.org/2001/XMLSchema-instance" xsi:noNamespaceSchemaLocation="Italian NtM bulletin.xsd">
  <TITLE>NtM for Wiki site</TITLE>
  <PUBLISHED_FILENAME>C:\Users\l_sturla\Desktop\Italian NtM bulletin.xml</PUBLISHED_FILENAME>
  <XSLT_FILENAME>D:\Lavoro\CARIS\XSLT di lavoro\NTM_100_20161102\2018-07-10\Preview20180710.xslt</XSLT_FILENAME>
  <PUBLISH_DATE>2018-08-21</PUBLISH_DATE>
  <SECTION_LIST>
    <SECTION_LIST_ITEM>
      <NTC_PERM_CHART_SECTION>
        <NAME>Carte</NAME>
        <SECTION_NUMBER>2</SECTION_NUMBER>
        <SECTION_CONTENT_LIST>
          <SECTION_CONTENT_LIST_ITEM>
            <NTC_PERM_CHART_NOTICE>
              <PUBLISH_NUMBER>80.1/2018</PUBLISH_NUMBER>
              <TERM_CHART>R</TERM_CHART>
              <REGION>16-Mar Ligure - Italia</REGION>
              <VICINITY>Genova</VICINITY>
              <SUBJECT>Marks</SUBJECT>
              <ORIGINAL>No</ORIGINAL>
              <AUTHORITY>Vessel observation</AUTHORITY>
              <PROJECT>126/2015</PROJECT>
              <NOTES>
                <P>Certain copies has already been corrected</P>
              </NOTES>
              <PUBLICATION_REFERENCE>
                <P>see Sailing Directions n. 3 - pag. 16</P>
              </PUBLICATION_REFERENCE>
              <INSTRUCTION_LIST>
                <INSTRUCTION_LIST_ITEM>
                  <NTC_PERM_CHART_INSTRUCT>
                    <CHART_LIST>
                      <CHART>
                        <CHART_TITLE>Isole di Panarea e Stromboli</CHART_TITLE>
                        <CHART_NUM>249</CHART_NUM>
                        <EDITION_DATE>20060101</EDITION_DATE>
                        <LAST_CORRECTION>60.7/2018</LAST_CORRECTION>
                        <NOTICE_COUNT>65</NOTICE_COUNT>
                        <PANEL>
                          <PANELVER_ID>1297</PANELVER_ID>
                          <PANEL_NAME>Pannello Principale</PANEL_NAME>
                          <PANEL_NUM>1</PANEL_NUM>
                          <HORIZ_DATUM>WG84</HORIZ_DATUM>
                          <CHART_SCALE>30.000</CHART_SCALE>
                          <PANEL_LIMITS>
                            <PANEL_LIMIT_MINY>38,575277000N</PANEL_LIMIT_MINY>
                            <PANEL_LIMIT_MINX>015,016111100E</PANEL_LIMIT_MINX>
                            <PANEL_LIMIT_MAXY>38,864467000N</PANEL_LIMIT_MAXY>
                            <PANEL_LIMIT_MAXX>015,278304400E</PANEL_LIMIT_MAXX>
                          </PANEL_LIMITS>
                        </PANEL>
                      </CHART>
                    </CHART_LIST>
                    <POSITION_LIST>
                      <POSITION>
                        <LATITUDE>45-15,12</LATITUDE>
                        <LONGITUDE>12-13,02</LONGITUDE>
                      </POSITION>
                    </POSITION_LIST>
                    <ACTION>Inserire</ACTION>
                    <LIST_EF>
                      <LIGHT_NUM_OBJECT>
                        <ITA_LIGHT_NUMBER>100</ITA_LIGHT_NUMBER>
                        <INTERNATIONAL_LIGHT_NUMBER>99</INTERNATIONAL_LIGHT_NUMBER>
                      </LIGHT_NUM_OBJECT>
                    </LIST_EF>
                    <DESCRIPTION>una boa cilindrica in</DESCRIPTION>
                    <ENGLISH_DESCRIPTION>cylindric buoy in</ENGLISH_DESCRIPTION>
                  </NTC_PERM_CHART_INSTRUCT>
                </INSTRUCTION_LIST_ITEM>
                <INSTRUCTION_LIST_ITEM>
                  <NTC_PERM_CHART_INSTRUCT>
                    <CHART_LIST>
                      <CHART>
                        <CHART_TITLE>Arsenale di Venezia</CHART_TITLE>
                        <CHART_NUM>224</CHART_NUM>
                        <EDITION_DATE>20150501</EDITION_DATE>
                        <LAST_CORRECTION>60.7/2018</LAST_CORRECTION>
                        <NOTICE_COUNT>13</NOTICE_COUNT>
                        <PANEL>
                          <PANELVER_ID>1382</PANELVER_ID>
                          <PANEL_NAME>Pannello Principale</PANEL_NAME>
                          <PANEL_NUM>1</PANEL_NUM>
                          <HORIZ_DATUM>WG84</HORIZ_DATUM>
                          <CHART_SCALE>3.000</CHART_SCALE>
                          <PANEL_LIMITS>
                            <PANEL_LIMIT_MINY>45,426111100N</PANEL_LIMIT_MINY>
                            <PANEL_LIMIT_MINX>012,348888900E</PANEL_LIMIT_MINX>
                            <PANEL_LIMIT_MAXY>45,439607800N</PANEL_LIMIT_MAXY>
                            <PANEL_LIMIT_MAXX>012,378409400E</PANEL_LIMIT_MAXX>
                          </PANEL_LIMITS>
                        </PANEL>
                      </CHART>
                    </CHART_LIST>
                    <POSITION_LIST>
                      <POSITION>
                        <LATITUDE>45-15,33</LATITUDE>
                        <LONGITUDE>12-13,18</LONGITUDE>
                      </POSITION>
                    </POSITION_LIST>
                    <ACTION>Inserire</ACTION>
                    <LIST_EF>
                      <LIGHT_NUM_OBJECT>
                        <ITA_LIGHT_NUMBER>100</ITA_LIGHT_NUMBER>
                        <INTERNATIONAL_LIGHT_NUMBER>99</INTERNATIONAL_LIGHT_NUMBER>
                      </LIGHT_NUM_OBJECT>
                    </LIST_EF>
                    <DESCRIPTION>una meda ad asta in</DESCRIPTION>
                    <ENGLISH_DESCRIPTION>
                      <P>pillar beacon in</P>
                    </ENGLISH_DESCRIPTION>
                  </NTC_PERM_CHART_INSTRUCT>
                </INSTRUCTION_LIST_ITEM>
                <INSTRUCTION_LIST_ITEM>
                  <NTC_PERM_CHART_INSTRUCT>
                    <CHART_LIST>
                      <CHART>
                        <CHART_TITLE>I. Tremiti e Pianosa</CHART_TITLE>
                        <CHART_NUM>204</CHART_NUM>
                        <EDITION_DATE>19920601</EDITION_DATE>
                        <LAST_CORRECTION>60.7/2018</LAST_CORRECTION>
                        <NOTICE_COUNT>25</NOTICE_COUNT>
                        <PANEL>
                          <PANELVER_ID>1879</PANELVER_ID>
                          <PANEL_NAME>Isole Tremiti</PANEL_NAME>
                          <PANEL_NUM>1</PANEL_NUM>
                          <HORIZ_DATUM>RM40</HORIZ_DATUM>
                          <CHART_SCALE>15.000</CHART_SCALE>
                          <PANEL_LIMITS>
                            <PANEL_LIMIT_MINY>42,089510300N</PANEL_LIMIT_MINY>
                            <PANEL_LIMIT_MINX>015,461649000E</PANEL_LIMIT_MINX>
                            <PANEL_LIMIT_MAXY>42,156568300N</PANEL_LIMIT_MAXY>
                            <PANEL_LIMIT_MAXX>015,538643000E</PANEL_LIMIT_MAXX>
                          </PANEL_LIMITS>
                        </PANEL>
                      </CHART>
                    </CHART_LIST>
                    <POSITION_LIST>
                      <POSITION>
                        <LATITUDE>45-18,12</LATITUDE>
                        <LONGITUDE>12-11,02</LONGITUDE>
                      </POSITION>
                    </POSITION_LIST>
                    <ACTION>Inserire</ACTION>
                    <LIST_EF>
                      <LIGHT_NUM_OBJECT>
                        <ITA_LIGHT_NUMBER>100</ITA_LIGHT_NUMBER>
                        <INTERNATIONAL_LIGHT_NUMBER>99</INTERNATIONAL_LIGHT_NUMBER>
                      </LIGHT_NUM_OBJECT>
                    </LIST_EF>
                    <SYMBOL>
                      <FONT face="Wingdings">«</FONT>
                    </SYMBOL>
                    <FEATURE_CHARACTERISTICS>
                      <STRONG>Fl(2)Y</STRONG>
                    </FEATURE_CHARACTERISTICS>
                  </NTC_PERM_CHART_INSTRUCT>
                </INSTRUCTION_LIST_ITEM>
                <INSTRUCTION_LIST_ITEM>
                  <NTC_PERM_CHART_INSTRUCT>
                    <CHART_LIST>
                      <CHART>
                        <CHART_TITLE>Litorale di Savona</CHART_TITLE>
                        <CHART_NUM>104</CHART_NUM>
                        <CHART_INT_NUM>3356</CHART_INT_NUM>
                        <EDITION_DATE>20150201</EDITION_DATE>
                        <LAST_CORRECTION>60.7/2018</LAST_CORRECTION>
                        <NOTICE_COUNT>36</NOTICE_COUNT>
                        <PANEL>
                          <PANELVER_ID>1348</PANELVER_ID>
                          <PANEL_NAME>Pannello Principale</PANEL_NAME>
                          <PANEL_NUM>1</PANEL_NUM>
                          <HORIZ_DATUM>WG84</HORIZ_DATUM>
                          <CHART_SCALE>30.000</CHART_SCALE>
                          <PANEL_LIMITS>
                            <PANEL_LIMIT_MINY>44,115676700N</PANEL_LIMIT_MINY>
                            <PANEL_LIMIT_MINX>008,412309200E</PANEL_LIMIT_MINX>
                            <PANEL_LIMIT_MAXY>44,404565800N</PANEL_LIMIT_MAXY>
                            <PANEL_LIMIT_MAXX>008,675290300E</PANEL_LIMIT_MAXX>
                          </PANEL_LIMITS>
                        </PANEL>
                      </CHART>
                      <CHART>
                        <CHART_TITLE>Litorale di Genova</CHART_TITLE>
                        <CHART_NUM>106</CHART_NUM>
                        <CHART_INT_NUM>3360</CHART_INT_NUM>
                        <EDITION_DATE>20060901</EDITION_DATE>
                        <LAST_CORRECTION>60.7/2018</LAST_CORRECTION>
                        <NOTICE_COUNT>106</NOTICE_COUNT>
                        <PANEL>
                          <PANELVER_ID>1350</PANELVER_ID>
                          <PANEL_NAME>Pannello Principale</PANEL_NAME>
                          <PANEL_NUM>1</PANEL_NUM>
                          <HORIZ_DATUM>WG84</HORIZ_DATUM>
                          <CHART_SCALE>30.000</CHART_SCALE>
                          <PANEL_LIMITS>
                            <PANEL_LIMIT_MINY>44,249000000N</PANEL_LIMIT_MINY>
                            <PANEL_LIMIT_MINX>008,651500000E</PANEL_LIMIT_MINX>
                            <PANEL_LIMIT_MAXY>44,451484400N</PANEL_LIMIT_MAXY>
                            <PANEL_LIMIT_MAXX>009,065380300E</PANEL_LIMIT_MAXX>
                          </PANEL_LIMITS>
                        </PANEL>
                      </CHART>
                    </CHART_LIST>
                    <POSITION_LIST>
                      <POSITION>
                        <LATITUDE>45-15,12</LATITUDE>
                        <LONGITUDE>12-13,02</LONGITUDE>
                      </POSITION>
                      <POSITION>
                        <LATITUDE>45-15,14</LATITUDE>
                        <LONGITUDE>12-13,02</LONGITUDE>
                      </POSITION>
                    </POSITION_LIST>
                    <ACTION>Inserire</ACTION>
                    <LIST_EF>
                      <LIGHT_NUM_OBJECT>
                        <ITA_LIGHT_NUMBER>100</ITA_LIGHT_NUMBER>
                        <INTERNATIONAL_LIGHT_NUMBER>99</INTERNATIONAL_LIGHT_NUMBER>
                      </LIGHT_NUM_OBJECT>
                    </LIST_EF>
                    <DESCRIPTION>una boa cilindrica in</DESCRIPTION>
                    <ENGLISH_DESCRIPTION>cylindric buoy in</ENGLISH_DESCRIPTION>
                  </NTC_PERM_CHART_INSTRUCT>
                </INSTRUCTION_LIST_ITEM>
                <INSTRUCTION_LIST_ITEM>
                  <NTC_PERM_CHART_INSTRUCT>
                    <CHART_LIST>
                      <CHART>
                        <CHART_TITLE>I. Tremiti e Pianosa</CHART_TITLE>
                        <CHART_NUM>204</CHART_NUM>
                        <EDITION_DATE>19920601</EDITION_DATE>
                        <LAST_CORRECTION>60.7/2018</LAST_CORRECTION>
                        <NOTICE_COUNT>25</NOTICE_COUNT>
                        <PANEL>
                          <PANELVER_ID>1875</PANELVER_ID>
                          <PANEL_NAME>Isola Pianosa</PANEL_NAME>
                          <PANEL_NUM>3</PANEL_NUM>
                          <HORIZ_DATUM>RM40</HORIZ_DATUM>
                          <CHART_SCALE>5.000</CHART_SCALE>
                          <PANEL_LIMITS>
                            <PANEL_LIMIT_MINY>42,220116300N</PANEL_LIMIT_MINY>
                            <PANEL_LIMIT_MINX>015,739907000E</PANEL_LIMIT_MINX>
                            <PANEL_LIMIT_MAXY>42,229030600N</PANEL_LIMIT_MAXY>
                            <PANEL_LIMIT_MAXX>015,755599000E</PANEL_LIMIT_MAXX>
                          </PANEL_LIMITS>
                        </PANEL>
                      </CHART>
                    </CHART_LIST>
                    <POSITION_LIST>
                      <POSITION>
                        <LATITUDE>45-15,12</LATITUDE>
                        <LONGITUDE>12-13,02</LONGITUDE>
                      </POSITION>
                    </POSITION_LIST>
                    <ACTION>Inserire</ACTION>
                    <LIST_EF>
                      <LIGHT_NUM_OBJECT>
                        <ITA_LIGHT_NUMBER>1234.56</ITA_LIGHT_NUMBER>
                        <INTERNATIONAL_LIGHT_NUMBER>E9876.54</INTERNATIONAL_LIGHT_NUMBER>
                      </LIGHT_NUM_OBJECT>
                    </LIST_EF>
                    <DESCRIPTION>una boa in</DESCRIPTION>
                    <ENGLISH_DESCRIPTION>cylindric buoy in</ENGLISH_DESCRIPTION>
                  </NTC_PERM_CHART_INSTRUCT>
                </INSTRUCTION_LIST_ITEM>
                <INSTRUCTION_LIST_ITEM>
                  <NTC_PERM_CHART_INSTRUCT>
                    <CHART_LIST>
                      <CHART>
                        <CHART_TITLE>I. Tremiti e Pianosa</CHART_TITLE>
                        <CHART_NUM>204</CHART_NUM>
                        <EDITION_DATE>19920601</EDITION_DATE>
                        <LAST_CORRECTION>60.7/2018</LAST_CORRECTION>
                        <NOTICE_COUNT>25</NOTICE_COUNT>
                        <PANEL>
                          <PANELVER_ID>1877</PANELVER_ID>
                          <PANEL_NAME>Ancoraggio delle I. Tremiti</PANEL_NAME>
                          <PANEL_NUM>2</PANEL_NUM>
                          <HORIZ_DATUM>RM40</HORIZ_DATUM>
                          <CHART_SCALE>5.000</CHART_SCALE>
                          <PANEL_LIMITS>
                            <PANEL_LIMIT_MINY>42,114257300N</PANEL_LIMIT_MINY>
                            <PANEL_LIMIT_MINX>015,493063000E</PANEL_LIMIT_MINX>
                            <PANEL_LIMIT_MAXY>42,127129300N</PANEL_LIMIT_MAXY>
                            <PANEL_LIMIT_MAXX>015,508757000E</PANEL_LIMIT_MAXX>
                          </PANEL_LIMITS>
                        </PANEL>
                      </CHART>
                    </CHART_LIST>
                    <POSITION_LIST>
                      <POSITION>
                        <LATITUDE>45-15,12</LATITUDE>
                        <LONGITUDE>12-13,02</LONGITUDE>
                      </POSITION>
                    </POSITION_LIST>
                    <ACTION>Inserire</ACTION>
                    <LIST_EF>
                      <LIGHT_NUM_OBJECT>
                        <ITA_LIGHT_NUMBER>100</ITA_LIGHT_NUMBER>
                        <INTERNATIONAL_LIGHT_NUMBER>99</INTERNATIONAL_LIGHT_NUMBER>
                      </LIGHT_NUM_OBJECT>
                    </LIST_EF>
                    <DESCRIPTION>una boa cilindrica in</DESCRIPTION>
                    <ENGLISH_DESCRIPTION>cylindric buoy in</ENGLISH_DESCRIPTION>
                  </NTC_PERM_CHART_INSTRUCT>
                </INSTRUCTION_LIST_ITEM>
              </INSTRUCTION_LIST>
            </NTC_PERM_CHART_NOTICE>
          </SECTION_CONTENT_LIST_ITEM>
          <SECTION_CONTENT_LIST_ITEM>
            <NTC_PERM_CHART_NOTICE>
              <PUBLISH_NUMBER>80.2/2018</PUBLISH_NUMBER>
              <REGION>16-Mar Ligure - Italia</REGION>
              <VICINITY>Genova</VICINITY>
              <SUBJECT>Talloncini</SUBJECT>
              <AUTHORITY>CP Genova</AUTHORITY>
              <PROJECT>2015-3088</PROJECT>
              <INSTRUCTION_LIST>
                <INSTRUCTION_LIST_ITEM>
                  <NTC_PERM_CHART_INSTRUCT>
                    <CHART_LIST>
                      <CHART>
                        <CHART_TITLE>Porto di Genova - Foglio Est</CHART_TITLE>
                        <CHART_NUM>55</CHART_NUM>
                        <CHART_INT_NUM>3362</CHART_INT_NUM>
                        <EDITION_DATE>20051101</EDITION_DATE>
                        <LAST_CORRECTION>60.10/2018</LAST_CORRECTION>
                        <NOTICE_COUNT>3</NOTICE_COUNT>
                        <PANEL>
                          <PANELVER_ID>814</PANELVER_ID>
                          <PANEL_NAME>Pannello Principale</PANEL_NAME>
                          <PANEL_NUM>1</PANEL_NUM>
                          <HORIZ_DATUM>WG84</HORIZ_DATUM>
                          <CHART_SCALE>10.000</CHART_SCALE>
                          <PANEL_LIMITS>
                            <PANEL_LIMIT_MINY>44,353000000N</PANEL_LIMIT_MINY>
                            <PANEL_LIMIT_MINX>008,860222200E</PANEL_LIMIT_MINX>
                            <PANEL_LIMIT_MAXY>44,420529200N</PANEL_LIMIT_MAXY>
                            <PANEL_LIMIT_MAXX>008,998338900E</PANEL_LIMIT_MAXX>
                          </PANEL_LIMITS>
                        </PANEL>
                      </CHART>
                    </CHART_LIST>
                    <ACTION>Modificare</ACTION>
                    <DESCRIPTION>il talloncino allegato nella parte corrispondente della carta.</DESCRIPTION>
                    <ENGLISH_DESCRIPTION>
                      <P>block in the right position on the chart</P>
                    </ENGLISH_DESCRIPTION>
                    <ATTACHMENT_LIST>
                      <ATTACHMENT>
                        <ATTACHED_FILENAME>Tall_55_2018.PNG</ATTACHED_FILENAME>
                        <LABEL>Be sure to not resize page during printing</LABEL>
                      </ATTACHMENT>
                    </ATTACHMENT_LIST>
                  </NTC_PERM_CHART_INSTRUCT>
                </INSTRUCTION_LIST_ITEM>
              </INSTRUCTION_LIST>
            </NTC_PERM_CHART_NOTICE>
          </SECTION_CONTENT_LIST_ITEM>
        </SECTION_CONTENT_LIST>
      </NTC_PERM_CHART_SECTION>
    </SECTION_LIST_ITEM>
    <SECTION_LIST_ITEM>
      <NTC_TORP_CHART_SECTION>
        <NAME>T&amp;P Carte</NAME>
        <SECTION_NUMBER>3</SECTION_NUMBER>
        <SECTION_CONTENT_LIST>
          <SECTION_CONTENT_LIST_ITEM>
            <NTC_TORP_CHART_NOTICE>
              <PUBLISH_NUMBER>80.3/2018</PUBLISH_NUMBER>
			  <TERM_TORP>P</TERM_TORP>
              <REGION>18-Mar Tirreno - Italia (Sardegna)</REGION>
              <VICINITY>Castelsardo</VICINITY>
              <SUBJECT>Fondali</SUBJECT>
              <AUTHORITY>Aretusa</AUTHORITY>
              <PROJECT>2015-3088</PROJECT>
              <INSTRUCTION_LIST>
                <INSTRUCTION_LIST_ITEM>
                  <NTC_TORP_CHART_INSTRUCT>
                    <CHART_LIST>
                      <CHART>
                        <CHART_TITLE>Bocche di Bonifacio</CHART_TITLE>
                        <CHART_NUM>326</CHART_NUM>
                        <CHART_INT_NUM>3350</CHART_INT_NUM>
                        <EDITION_DATE>20130202</EDITION_DATE>
                        <PANEL>
                          <PANELVER_ID>24000</PANELVER_ID>
                          <PANEL_NAME>Pannello Principale</PANEL_NAME>
                          <PANEL_NUM>1</PANEL_NUM>
                          <HORIZ_DATUM>WG84</HORIZ_DATUM>
                          <CHART_SCALE>50.000</CHART_SCALE>
                          <PANEL_LIMITS>
                            <PANEL_LIMIT_MINY>41,132333300N</PANEL_LIMIT_MINY>
                            <PANEL_LIMIT_MINX>008,882333300E</PANEL_LIMIT_MINX>
                            <PANEL_LIMIT_MAXY>41,479000000N</PANEL_LIMIT_MAXY>
                            <PANEL_LIMIT_MAXX>009,558833300E</PANEL_LIMIT_MAXX>
                          </PANEL_LIMITS>
                        </PANEL>
                      </CHART>
                    </CHART_LIST>
                    <DESCRIPTION>
                      <P>Alcuni fondali non sono più attendibili. Si trovano nelle seguenti posizioni con il nuovo valore a fianco riportato:</P>
                      <UL>
                        <LI>42-15,23 - 13-25,55, 7<SUB>5</SUB>m</LI>
                        <LI>42-16,22 - 13-31,12, 11<SUB>3</SUB>m</LI>
                        <LI>42-17,26 - 13-32,17, 10<SUB>5</SUB>m</LI>
                      </UL>
                    </DESCRIPTION>
                    <ENGLISH_DESCRIPTION>
                      <P>Charted soundings not more reliable. The new soundings are in the following positions with the new depth value:</P>
                      <UL>
                        <LI>42-15,23 - 13-25,55, 7<SUB>5</SUB>m</LI>
                        <LI>42-16,22 - 13-31,12, 11<SUB>3</SUB>m</LI>
                        <LI>42-17,26 - 13-32,17, 10<SUB>5</SUB>m</LI>
                      </UL>
                    </ENGLISH_DESCRIPTION>
                  </NTC_TORP_CHART_INSTRUCT>
                </INSTRUCTION_LIST_ITEM>
              </INSTRUCTION_LIST>
            </NTC_TORP_CHART_NOTICE>
          </SECTION_CONTENT_LIST_ITEM>
          <SECTION_CONTENT_LIST_ITEM>
            <NTC_TORP_CHART_NOTICE>
              <PUBLISH_NUMBER>80.4/2018</PUBLISH_NUMBER>
              <REGION>24-Mare Ionio - Italia</REGION>
              <VICINITY>Augusta</VICINITY>
              <SUBJECT>Fondali - Lavori in corso</SUBJECT>
              <AUTHORITY>CP Augusta</AUTHORITY>
              <PROJECT>632/2013</PROJECT>
              <INSTRUCTION_LIST>
                <INSTRUCTION_LIST_ITEM>
                  <NTC_TORP_CHART_INSTRUCT>
                    <CHART_LIST>
                      <CHART>
                        <CHART_TITLE>Da Capo d'Orlando a Capo Zafferano e Isole di Alicudi e Filicudi</CHART_TITLE>
                        <CHART_NUM>15</CHART_NUM>
                        <EDITION_DATE>19991001</EDITION_DATE>
                        <PANEL>
                          <PANELVER_ID>1931</PANELVER_ID>
                          <PANEL_NAME>Pannello Principale</PANEL_NAME>
                          <PANEL_NUM>1</PANEL_NUM>
                          <HORIZ_DATUM>ER50</HORIZ_DATUM>
                          <CHART_SCALE>100.000</CHART_SCALE>
                          <PANEL_LIMITS>
                            <PANEL_LIMIT_MINY>37,948878900N</PANEL_LIMIT_MINY>
                            <PANEL_LIMIT_MINX>013,525991900E</PANEL_LIMIT_MINX>
                            <PANEL_LIMIT_MAXY>38,624944900N</PANEL_LIMIT_MAXY>
                            <PANEL_LIMIT_MAXX>014,784001700E</PANEL_LIMIT_MAXX>
                          </PANEL_LIMITS>
                        </PANEL>
                      </CHART>
                    </CHART_LIST>
                    <DESCRIPTION>
                      <P>Nello specchio acqueo antistante il porto turistico sono in corso lavori di <STRONG>dragaggio</STRONG> per portare i fondali del canale di accesso alla quota di <STRONG>7.<SUB>4</SUB></STRONG> m.</P>
                      <P>Per tutto il periodo delle predette attività, che termineranno il <EM>15.12.2015</EM>, nella suddetta area sono <U><STRONG>vietati</STRONG></U> la navigazione, il transito, la sosta a tutte le unità in genere ed ogni altra attività di superficie e/o subaquea.</P>
                    </DESCRIPTION>
                    <ENGLISH_DESCRIPTION>Dredging works are in progress in the approach channel to the harbour to arrive at a depth of <STRONG>7.<SUB>4</SUB></STRONG> m. </ENGLISH_DESCRIPTION>
                  </NTC_TORP_CHART_INSTRUCT>
                </INSTRUCTION_LIST_ITEM>
                <INSTRUCTION_LIST_ITEM>
                  <NTC_TORP_CHART_INSTRUCT>
                    <CHART_LIST>
                      <CHART>
                        <CHART_TITLE>Da Capo d'Orlando a Capo Zafferano e Isole di Alicudi e Filicudi</CHART_TITLE>
                        <CHART_NUM>15</CHART_NUM>
                        <EDITION_DATE>19991001</EDITION_DATE>
                        <PANEL>
                          <PANELVER_ID>1931</PANELVER_ID>
                          <PANEL_NAME>Pannello Principale</PANEL_NAME>
                          <PANEL_NUM>1</PANEL_NUM>
                          <HORIZ_DATUM>ER50</HORIZ_DATUM>
                          <CHART_SCALE>100.000</CHART_SCALE>
                          <PANEL_LIMITS>
                            <PANEL_LIMIT_MINY>37,948878900N</PANEL_LIMIT_MINY>
                            <PANEL_LIMIT_MINX>013,525991900E</PANEL_LIMIT_MINX>
                            <PANEL_LIMIT_MAXY>38,624944900N</PANEL_LIMIT_MAXY>
                            <PANEL_LIMIT_MAXX>014,784001700E</PANEL_LIMIT_MAXX>
                          </PANEL_LIMITS>
                        </PANEL>
                      </CHART>
                    </CHART_LIST>
                    <DESCRIPTION>È vietato l'ormeggio alla Banchina Manfredi.</DESCRIPTION>
                    <ENGLISH_DESCRIPTION>Berthing is prohibited at Banchina Manfredi.</ENGLISH_DESCRIPTION>
                  </NTC_TORP_CHART_INSTRUCT>
                </INSTRUCTION_LIST_ITEM>
              </INSTRUCTION_LIST>
            </NTC_TORP_CHART_NOTICE>
          </SECTION_CONTENT_LIST_ITEM>
        </SECTION_CONTENT_LIST>
      </NTC_TORP_CHART_SECTION>
    </SECTION_LIST_ITEM>
    <SECTION_LIST_ITEM>
      <NTC_T_P_CANCELLED_SECTION>
        <NAME>Annullamenti T&amp;P Carte</NAME>
        <SECTION_NUMBER>11</SECTION_NUMBER>
        <SECTION_CONTENT_LIST>
          <SECTION_CONTENT_LIST_ITEM>
            <NTC_CANCEL_TORP_NOTICE>
              <PUBLISH_NUMBER>80.5/2018</PUBLISH_NUMBER>
              <SELF_CANCEL_PUBLISH>Yes</SELF_CANCEL_PUBLISH>
              <PROJECT>123/2018</PROJECT>
              <CANCELLED_NOTICE_LIST>
                <CANCELLED_NOTICE_LIST_ITEM>
                  <NTC_TORP_CHART_NOTICE>
                    <PUBLISH_NUMBER>16.5/2018</PUBLISH_NUMBER>
                    <REGION>16-Mar Ligure - Italia</REGION>
                    <VICINITY>Altro</VICINITY>
                    <SUBJECT>Ancora</SUBJECT>
                    <AUTHORITY>CP</AUTHORITY>
                    <PROJECT>159/9865</PROJECT>
                    <INSTRUCTION_LIST>
                      <INSTRUCTION_LIST_ITEM>
                        <NTC_TORP_CHART_INSTRUCT>
                          <CHART_LIST>
                            <CHART>
                              <CHART_TITLE>I. Tremiti e Pianosa</CHART_TITLE>
                              <CHART_NUM>204</CHART_NUM>
                              <EDITION_DATE>19920601</EDITION_DATE>
                              <PANEL>
                                <PANELVER_ID>1879</PANELVER_ID>
                                <PANEL_NAME>Isole Tremiti</PANEL_NAME>
                                <PANEL_NUM>1</PANEL_NUM>
                                <HORIZ_DATUM>RM40</HORIZ_DATUM>
                                <CHART_SCALE>15.000</CHART_SCALE>
                                <PANEL_LIMITS>
                                  <PANEL_LIMIT_MINY>42,089510300N</PANEL_LIMIT_MINY>
                                  <PANEL_LIMIT_MINX>015,461649000E</PANEL_LIMIT_MINX>
                                  <PANEL_LIMIT_MAXY>42,156568300N</PANEL_LIMIT_MAXY>
                                  <PANEL_LIMIT_MAXX>015,538643000E</PANEL_LIMIT_MAXX>
                                </PANEL_LIMITS>
                              </PANEL>
                            </CHART>
                          </CHART_LIST>
                          <DESCRIPTION>Prestare attenzione per la presenza di una ancora all'esterno del porto, in prossimità dell'imboccatura ad una distanza di circa 100 m dal fanale verde lampeggiante</DESCRIPTION>
                          <ENGLISH_DESCRIPTION>anchor: pay attention</ENGLISH_DESCRIPTION>
                        </NTC_TORP_CHART_INSTRUCT>
                      </INSTRUCTION_LIST_ITEM>
                    </INSTRUCTION_LIST>
                  </NTC_TORP_CHART_NOTICE>
                </CANCELLED_NOTICE_LIST_ITEM>
              </CANCELLED_NOTICE_LIST>
            </NTC_CANCEL_TORP_NOTICE>
          </SECTION_CONTENT_LIST_ITEM>
        </SECTION_CONTENT_LIST>
      </NTC_T_P_CANCELLED_SECTION>
    </SECTION_LIST_ITEM>
  </SECTION_LIST>
</NTC_NTM_PUBLICATION>
