<?xml version="1.0" encoding="utf-8"?>
<?xml-stylesheet type="text/xsl" href="xslt/ntm_correction.xsl" ?>
<Ntm xmlns:xsi="http://www.w3.org/2001/XMLSchema-instance" xsi:noNamespaceSchemaLocation="xsd\ntm.xsd">
	<HeaderData>
		<PublishedBy>Federal Maritime and Hydrographic Agency</PublishedBy>
		<Issue>50/2017</Issue>
	</HeaderData>
	<InstructionRow>
		<InstructionId>1</InstructionId>
		<Crs>WGS84</Crs>
		<t_or_p>T</t_or_p>
		<Region>North Sea</Region>
		<!-- generated from predefined list-->
		<Subregion>North Frisian Islands</Subregion>
		<!-- generated from predefined list-->
		<Vicinities>
			<Vicinity>Süderoogsand</Vicinity>
			<!-- name is free text -->
		</Vicinities>
		<Instruction>Replace</Instruction>
		<!--  col 1: Instruction -->
		<Symbol1>P1_1</Symbol1>
		<!--  col 2: Symbol 1 -->
		<Symbol1_PortrayalGph>BCNSPP,LIGHTS</Symbol1_PortrayalGph>
		<Symbol1_PortrayalTxt>Breathtaking beautiful Beacon with light</Symbol1_PortrayalTxt>
		<SymbolLabel_1>Süderoogsand Iso.WRG.6s 18m15–11M</SymbolLabel_1>
		<!--  col 3: SymbolLabel 1 -->
		<Text1>by</Text1>
		<!--  col 4: Instruction text center -->
		<Symbol2>P1_1</Symbol2>
		<!--  col 5: Symbol 2 -->
		<Symbol2_PortrayalGph>BCNSPP,LIGHTS</Symbol2_PortrayalGph>
		<Symbol2_PortrayalTxt>Breathtaking beautiful Beacon with light</Symbol2_PortrayalTxt>
		<SymbolLabel_2>Süderoogsand Iso.4s5M</SymbolLabel_2>
		<!--  col 6: SymbolLabel 2 -->
		<Text2/>
		<!--  col 7: Instruction text end -->
		<GeometryType>Point</GeometryType>
		<!-- Point | Polyline | Polygon -->
		<Locations>
			<Location>
				<Latitude>
					<Degrees>54</Degrees>
					<Minutes>25</Minutes>
					<Decimals>46</Decimals>
					<Hemisphere>N</Hemisphere>
				</Latitude>
				<Longitude>
					<Degrees>8</Degrees>
					<Minutes>28</Minutes>
					<Decimals>67</Decimals>
					<Hemisphere>E</Hemisphere>
				</Longitude>
				<ChartsAffected>
					<ChartData>
						<ChartNumber>
							<Prefix>DE</Prefix>
							<Infix>103</Infix>
							<Suffix/>
							<IntNumber>1412</IntNumber>
						</ChartNumber>
						<LastCorrection>26/2017</LastCorrection>
					</ChartData>
					<ChartData>
						<ChartNumber>
							<Prefix>DE</Prefix>
							<Infix>104</Infix>
							<Suffix/>
							<IntNumber/>
						</ChartNumber>
						<LastCorrection>24/2017</LastCorrection>
					</ChartData>
					<ChartData>
						<ChartNumber>
							<Prefix>DE</Prefix>
							<Infix>1320</Infix>
							<Suffix/>
							<IntNumber/>
						</ChartNumber>
						<LastCorrection>38/2017</LastCorrection>
					</ChartData>
					<ChartData>
						<ChartNumber>
							<Prefix>DE</Prefix>
							<Infix>1320</Infix>
							<Suffix>Plan A</Suffix>
							<IntNumber/>
						</ChartNumber>
						<LastCorrection>38/2017</LastCorrection>
					</ChartData>
				</ChartsAffected>
			</Location>
		</Locations>
		<SourceIndication>WSA Cuxhaven 222/17</SourceIndication>
	</InstructionRow>
	<InstructionRow>
		<InstructionId>2</InstructionId>
		<Crs>WGS84</Crs>
		<t_or_p>T</t_or_p>
		<Region>North Sea</Region>
		<!-- generated from predefined list-->
		<Subregion>North Frisian Islands</Subregion>
		<!-- generated from predefined list-->
		<Vicinities>
			<Vicinity>Süderoogsand</Vicinity>
			<!-- name is free text -->
		</Vicinities>
		<Instruction>Delete</Instruction>
		<!--  col 1: Instruction Insert | Replace | Delete |-->
		<Symbol1>P1_1</Symbol1>
		<!--  col 2: Symbol 1 -->
		<Symbol1_PortrayalGph>BCNSPP,LIGHTS</Symbol1_PortrayalGph>
		<Symbol1_PortrayalTxt>Breathtaking beautiful Beacon with light</Symbol1_PortrayalTxt>
		<SymbolLabel_1>Süderoogsand West Fl.R.3s</SymbolLabel_1>
		<!--  col 3: SymbolLabel 1 -->
		<GeometryType>Point</GeometryType>
		<!-- Point | Polyline | Polygon -->
		<Locations>
			<Location>
				<Latitude>
					<Degrees>54</Degrees>
					<Minutes>25</Minutes>
					<Decimals>16</Decimals>
					<Hemisphere>N</Hemisphere>
				</Latitude>
				<Longitude>
					<Degrees>8</Degrees>
					<Minutes>28</Minutes>
					<Decimals>17</Decimals>
					<Hemisphere>E</Hemisphere>
				</Longitude>
				<ChartsAffected>
					<ChartData>
						<ChartNumber>
							<Prefix>DE</Prefix>
							<Infix>103</Infix>
							<Suffix/>
							<IntNumber>1412</IntNumber>
						</ChartNumber>
						<LastCorrection>26/2017</LastCorrection>
					</ChartData>
					<ChartData>
						<ChartNumber>
							<Prefix>DE</Prefix>
							<Infix>104</Infix>
							<Suffix/>
							<IntNumber/>
						</ChartNumber>
						<LastCorrection>24/2017</LastCorrection>
					</ChartData>
					<ChartData>
						<ChartNumber>
							<Prefix>DE</Prefix>
							<Infix>1320</Infix>
							<Suffix/>
							<IntNumber/>
						</ChartNumber>
						<LastCorrection>38/2017</LastCorrection>
					</ChartData>
					<ChartData>
						<ChartNumber>
							<Prefix>DE</Prefix>
							<Infix>1320</Infix>
							<Suffix>Plan A</Suffix>
							<IntNumber/>
						</ChartNumber>
						<LastCorrection>38/2017</LastCorrection>
					</ChartData>
				</ChartsAffected>
			</Location>
		</Locations>
		<SourceIndication>WSA Cuxhaven 222/17</SourceIndication>
	</InstructionRow>
	<InstructionRow>
		<InstructionId>3</InstructionId>
		<Crs>WGS84</Crs>
		<Region>North Sea</Region>
		<!-- generated from predefined list-->
		<Subregion>German Bight</Subregion>
		<!-- generated from predefined list-->
		<Vicinities>
			<Vicinity>Elbe Approach Reede</Vicinity>
			<!-- name is free text -->
		</Vicinities>
		<Instruction>Insert</Instruction>
		<!--  col 1: Instruction -->
		<Symbol1>K31_2</Symbol1>
		<!--  col 2: Symbol 1 -->
		<Symbol1_PortrayalGph>OBSTRN</Symbol1_PortrayalGph>
		<Symbol1_PortrayalTxt>Obstruction, estimated</Symbol1_PortrayalTxt>
		<GeometryType>Point</GeometryType>
		<!-- Point | Polyline | Polygon -->
		<Locations>
			<Location>
				<Latitude>
					<Degrees>54</Degrees>
					<Minutes>04</Minutes>
					<Decimals>81</Decimals>
					<Hemisphere>N</Hemisphere>
				</Latitude>
				<Longitude>
					<Degrees>7</Degrees>
					<Minutes>44</Minutes>
					<Decimals>95</Decimals>
					<Hemisphere>E</Hemisphere>
				</Longitude>
				<ChartsAffected>
					<ChartData>
						<ChartNumber>
							<Prefix>DE</Prefix>
							<Infix>1210</Infix>
							<Suffix/>
							<IntNumber/>
						</ChartNumber>
						<LastCorrection>45/2017</LastCorrection>
					</ChartData>
				</ChartsAffected>
			</Location>
		</Locations>
		<SourceIndication>WSA Cuxhaven 106/17</SourceIndication>
	</InstructionRow>
	<InstructionRow>
		<InstructionId>4</InstructionId>
		<Crs>WGS84</Crs>
		<Region>North Sea</Region>
		<!-- generated from predefined list-->
		<Subregion>German Bight</Subregion>
		<!-- generated from predefined list-->
		<Vicinities>
			<Vicinity>Elbe Approach Reede</Vicinity>
			<!-- name is free text -->
		</Vicinities>
		<Instruction>Insert</Instruction>
		<!--  col 1: Instruction -->
		<Symbol1>L31_1</Symbol1>
		<!--  col 2: Symbol 1 -->
		<Symbol1_PortrayalGph>CBLSUB</Symbol1_PortrayalGph>
		<Symbol1_PortrayalTxt>Submarine power cable</Symbol1_PortrayalTxt>
		<GeometryType>Polyline</GeometryType>
		<!-- Point | Polyline | Polygon -->
		<Locations>
			<Location>
				<Latitude>
					<Degrees>54</Degrees>
					<Minutes>04</Minutes>
					<Decimals>89</Decimals>
					<Hemisphere>N</Hemisphere>
				</Latitude>
				<Longitude>
					<Degrees>7</Degrees>
					<Minutes>44</Minutes>
					<Decimals>95</Decimals>
					<Hemisphere>E</Hemisphere>
				</Longitude>
				<ChartsAffected>
					<ChartData>
						<ChartNumber>
							<Prefix>DE</Prefix>
							<Infix>1210</Infix>
							<Suffix/>
							<IntNumber/>
						</ChartNumber>
						<LastCorrection>45/2017</LastCorrection>
					</ChartData>
					<ChartData>
						<ChartNumber>
							<Prefix>DE</Prefix>
							<Infix>1250</Infix>
							<Suffix/>
							<IntNumber/>
						</ChartNumber>
						<LastCorrection>45/2017</LastCorrection>
					</ChartData>
				</ChartsAffected>
			</Location>
			<Location>
				<Latitude>
					<Degrees>54</Degrees>
					<Minutes>04</Minutes>
					<Decimals>88</Decimals>
					<Hemisphere>N</Hemisphere>
				</Latitude>
				<Longitude>
					<Degrees>7</Degrees>
					<Minutes>45</Minutes>
					<Decimals>06</Decimals>
					<Hemisphere>E</Hemisphere>
				</Longitude>
				<ChartsAffected>
					<ChartData>
						<ChartNumber>
							<Prefix>DE</Prefix>
							<Infix>1210</Infix>
							<Suffix/>
							<IntNumber/>
						</ChartNumber>
						<LastCorrection>45/2017</LastCorrection>
					</ChartData>
					<ChartData>
						<ChartNumber>
							<Prefix>DE</Prefix>
							<Infix>1250</Infix>
							<Suffix/>
							<IntNumber/>
						</ChartNumber>
						<LastCorrection>45/2017</LastCorrection>
					</ChartData>
				</ChartsAffected>
			</Location>
			<Location>
				<Latitude>
					<Degrees>54</Degrees>
					<Minutes>04</Minutes>
					<Decimals>75</Decimals>
					<Hemisphere>N</Hemisphere>
				</Latitude>
				<Longitude>
					<Degrees>7</Degrees>
					<Minutes>45</Minutes>
					<Decimals>40</Decimals>
					<Hemisphere>E</Hemisphere>
				</Longitude>
				<ChartsAffected>
					<ChartData>
						<ChartNumber>
							<Prefix>DE</Prefix>
							<Infix>1250</Infix>
							<Suffix/>
							<IntNumber/>
						</ChartNumber>
						<LastCorrection>45/2017</LastCorrection>
					</ChartData>
				</ChartsAffected>
			</Location>
		</Locations>
		<SourceIndication>WSA Cuxhaven 107/17</SourceIndication>
	</InstructionRow>
	<InstructionRow>
		<InstructionId>5</InstructionId>
		<Date>2017-12-15</Date>
		<NtmWeek>50/2017</NtmWeek>
		<Crs>WGS84</Crs>
		<t_or_p>P</t_or_p>
		<Region>Baltic Sea</Region>
		<!-- generated from predefined list-->
		<Subregion>Waters around Ruegen</Subregion>
		<!-- generated from predefined list-->
		<Vicinities>
			<Vicinity>Strelasund</Vicinity>
			<!-- name is free text -->
		</Vicinities>
		<Instruction>Insert</Instruction>
		<!--  col 1: Instruction -->
		<Symbol1>M14</Symbol1>
		<!--  col 2: Symbol 1 -->
		<Symbol1_PortrayalGph>RESARE</Symbol1_PortrayalGph>
		<Symbol1_PortrayalTxt>Restricted Area, Swimming Area</Symbol1_PortrayalTxt>
		<GeometryType>Polygon</GeometryType>
		<!-- Point | Polyline | Polygon -->
		<Locations>
			<Location>
				<Latitude>
					<Degrees>54</Degrees>
					<Minutes>19</Minutes>
					<Decimals>20</Decimals>
					<Hemisphere>N</Hemisphere>
				</Latitude>
				<Longitude>
					<Degrees>13</Degrees>
					<Minutes>05</Minutes>
					<Decimals>40</Decimals>
					<Hemisphere>E</Hemisphere>
				</Longitude>
				<ChartsAffected>
					<ChartData>
						<ChartNumber>
							<Prefix>DE</Prefix>
							<Infix>1622</Infix>
							<Suffix/>
							<IntNumber/>
						</ChartNumber>
						<LastCorrection>44/2017</LastCorrection>
					</ChartData>
				</ChartsAffected>
			</Location>
			<Location>
				<Latitude>
					<Degrees>54</Degrees>
					<Minutes>20</Minutes>
					<Decimals>28</Decimals>
					<Hemisphere>N</Hemisphere>
				</Latitude>
				<Longitude>
					<Degrees>13</Degrees>
					<Minutes>06</Minutes>
					<Decimals>36</Decimals>
					<Hemisphere>E</Hemisphere>
				</Longitude>
				<ChartsAffected>
					<ChartData>
						<ChartNumber>
							<Prefix>DE</Prefix>
							<Infix>1622</Infix>
							<Suffix/>
							<IntNumber/>
						</ChartNumber>
						<LastCorrection>44/2017</LastCorrection>
					</ChartData>
				</ChartsAffected>
			</Location>
			<Location>
				<Latitude>
					<Degrees>54</Degrees>
					<Minutes>20</Minutes>
					<Decimals>34</Decimals>
					<Hemisphere>N</Hemisphere>
				</Latitude>
				<Longitude>
					<Degrees>13</Degrees>
					<Minutes>05</Minutes>
					<Decimals>22</Decimals>
					<Hemisphere>E</Hemisphere>
				</Longitude>
				<ChartsAffected>
					<ChartData>
						<ChartNumber>
							<Prefix>DE</Prefix>
							<Infix>1622</Infix>
							<Suffix/>
							<IntNumber/>
						</ChartNumber>
						<LastCorrection>44/2017</LastCorrection>
					</ChartData>
				</ChartsAffected>
			</Location>
			<Location>
				<Latitude>
					<Degrees>54</Degrees>
					<Minutes>20</Minutes>
					<Decimals>55</Decimals>
					<Hemisphere>N</Hemisphere>
				</Latitude>
				<Longitude>
					<Degrees>13</Degrees>
					<Minutes>05</Minutes>
					<Decimals>45</Decimals>
					<Hemisphere>E</Hemisphere>
				</Longitude>
				<ChartsAffected>
					<ChartData>
						<ChartNumber>
							<Prefix>DE</Prefix>
							<Infix>1622</Infix>
							<Suffix/>
							<IntNumber/>
						</ChartNumber>
						<LastCorrection>44/2017</LastCorrection>
					</ChartData>
				</ChartsAffected>
			</Location>
			<Location>
				<!-- Polygon: last = first -->
				<Latitude>
					<Degrees>54</Degrees>
					<Minutes>19</Minutes>
					<Decimals>20</Decimals>
					<Hemisphere>N</Hemisphere>
				</Latitude>
				<Longitude>
					<Degrees>13</Degrees>
					<Minutes>05</Minutes>
					<Decimals>40</Decimals>
					<Hemisphere>E</Hemisphere>
				</Longitude>
				<ChartsAffected>
					<ChartData>
						<ChartNumber>
							<Prefix>DE</Prefix>
							<Infix>1622</Infix>
							<Suffix/>
							<IntNumber/>
						</ChartNumber>
						<LastCorrection>44/2017</LastCorrection>
					</ChartData>
				</ChartsAffected>
			</Location>
		</Locations>
		<SourceIndication>WSA Stalsund 288/17</SourceIndication>
	</InstructionRow>
</Ntm>
