<?xml version="1.0" encoding="UTF-8"?>
<SHOM_NOTICE_PUBLICATION xmlns:xsi="http://www.w3.org/2001/XMLSchema-instance" xsi:noNamespaceSchemaLocation="1803.xsd">
  <TITLE>1803</TITLE>
  <PUBLISHED_FILENAME>K:\CARTO\CORR\2018\GAN03\1803.xml</PUBLISHED_FILENAME>
  <SECTION_LIST>
    <SECTION_LIST_ITEM>
      <SHOM_NOTICE_PUBLICATION_SECTION_CARTES>
        <NAME>1803</NAME>
        <SECTION_CONTENT_LIST>
          <SECTION_CONTENT_LIST_ITEM>
            <SHOM_BASE_NOTICE>
              <SHOM_NOTICE_ORIGIN>Original</SHOM_NOTICE_ORIGIN>
              <SHOM_PUB_ID_NUMBER>48</SHOM_PUB_ID_NUMBER>
              <SHOM_COUNTRY>FRANCE</SHOM_COUNTRY>
              <SHOM_COAST>Côte Nord</SHOM_COAST>
              <SHOM_REGION_LISTE>
                <SHOM_REGION>Embouchure de la Seine. Abords du Havre</SHOM_REGION>
              </SHOM_REGION_LISTE>
              <SHOM_THEME_LIST>
                <SHOM_THEME>Obstruction</SHOM_THEME>
                <SHOM_THEME>Fond malsain</SHOM_THEME>
              </SHOM_THEME_LIST>
              <SHOM_SOURCE_LIST>
                <SHOM_SOURCE>
                  <SHOM_ORGANISME>Shom</SHOM_ORGANISME>
                </SHOM_SOURCE>
              </SHOM_SOURCE_LIST>
              <INSTRUCTION_LIST>
                <INSTRUCTION_LIST_ITEM>
                  <SHOM_CARTE_INSTRUCTION>
                    <SHOM_NUM_CARTE>6683</SHOM_NUM_CARTE>
                    <SHOM_ACTION_INSTRUCTION>Remplacer</SHOM_ACTION_INSTRUCTION>
                    <SHOM_OBJET_INSTRUCTION><FONT size="5" face="TdyCARISNewSymbols">±</FONT><EM>Obstn PD </EM>par <FONT size="5"><EM> <FONT face="TdyCARISNewSymbols">¥ </FONT></EM></FONT>  </SHOM_OBJET_INSTRUCTION>
                    <SHOM_LISTE_POSITIONS>
                      <SHOM_POSITION>
                        <SHOM_LATITUDE>49 28,56 N</SHOM_LATITUDE>
                        <SHOM_LONGITUDE>000 00,33 W</SHOM_LONGITUDE>
                      </SHOM_POSITION>
                    </SHOM_LISTE_POSITIONS>
                  </SHOM_CARTE_INSTRUCTION>
                </INSTRUCTION_LIST_ITEM>
                <INSTRUCTION_LIST_ITEM>
                  <SHOM_CARTE_INSTRUCTION>
                    <SHOM_NUM_CARTE>6857</SHOM_NUM_CARTE>
                    <SHOM_ACTION_INSTRUCTION>Remplacer</SHOM_ACTION_INSTRUCTION>
                    <SHOM_OBJET_INSTRUCTION><FONT size="5" face="TdyCARISNewSymbols">±</FONT><EM>Obstn PD </EM>par <FONT size="5"><EM> <FONT face="TdyCARISNewSymbols">¥ </FONT></EM></FONT>  </SHOM_OBJET_INSTRUCTION>
                    <SHOM_LISTE_POSITIONS>
                      <SHOM_POSITION>
                        <SHOM_LATITUDE>49 28,25 N</SHOM_LATITUDE>
                        <SHOM_LONGITUDE>000 09,86 W</SHOM_LONGITUDE>
                      </SHOM_POSITION>
                    </SHOM_LISTE_POSITIONS>
                  </SHOM_CARTE_INSTRUCTION>
                </INSTRUCTION_LIST_ITEM>
                <INSTRUCTION_LIST_ITEM>
                  <SHOM_CARTE_INSTRUCTION>
                    <SHOM_NUM_CARTE>6857</SHOM_NUM_CARTE>
                    <SHOM_ACTION_INSTRUCTION>Remplacer</SHOM_ACTION_INSTRUCTION>
                    <SHOM_OBJET_INSTRUCTION><FONT size="5" face="TdyCARISNewSymbols">±</FONT><EM>Obstn PD </EM>par <FONT size="5"><EM> <FONT face="TdyCARISNewSymbols">¥ </FONT></EM></FONT>  </SHOM_OBJET_INSTRUCTION>
                    <SHOM_LISTE_POSITIONS>
                      <SHOM_POSITION>
                        <SHOM_LATITUDE>49 28,56 N</SHOM_LATITUDE>
                        <SHOM_LONGITUDE>000 00,33 W</SHOM_LONGITUDE>
                      </SHOM_POSITION>
                    </SHOM_LISTE_POSITIONS>
                  </SHOM_CARTE_INSTRUCTION>
                </INSTRUCTION_LIST_ITEM>
                <INSTRUCTION_LIST_ITEM>
                  <SHOM_CARTE_INSTRUCTION>
                    <SHOM_NUM_CARTE>6857</SHOM_NUM_CARTE>
                    <SHOM_ACTION_INSTRUCTION>Remplacer</SHOM_ACTION_INSTRUCTION>
                    <SHOM_OBJET_INSTRUCTION><FONT size="5" face="TdyCARISNewSymbols">±</FONT><EM>Obstn PD </EM>par <FONT size="5"><EM> <FONT face="TdyCARISNewSymbols">¥ </FONT></EM></FONT>  </SHOM_OBJET_INSTRUCTION>
                    <SHOM_LISTE_POSITIONS>
                      <SHOM_POSITION>
                        <SHOM_LATITUDE>49 34,06 N</SHOM_LATITUDE>
                        <SHOM_LONGITUDE>000 07,81 W</SHOM_LONGITUDE>
                      </SHOM_POSITION>
                    </SHOM_LISTE_POSITIONS>
                  </SHOM_CARTE_INSTRUCTION>
                </INSTRUCTION_LIST_ITEM>
                <INSTRUCTION_LIST_ITEM>
                  <SHOM_CARTE_INSTRUCTION>
                    <SHOM_NUM_CARTE>6857</SHOM_NUM_CARTE>
                    <SHOM_ACTION_INSTRUCTION>Remplacer</SHOM_ACTION_INSTRUCTION>
                    <SHOM_OBJET_INSTRUCTION> <FONT size="5" face="NMSyms">6</FONT><FONT size="5" face="NMSyms">+</FONT>  <EM>Wks</EM>  par <FONT size="5"><EM> <FONT face="TdyCARISNewSymbols">¥</FONT></EM></FONT></SHOM_OBJET_INSTRUCTION>
                    <SHOM_LISTE_POSITIONS>
                      <SHOM_POSITION>
                        <SHOM_LATITUDE>49 28,23 N</SHOM_LATITUDE>
                        <SHOM_LONGITUDE>000 02,44 W</SHOM_LONGITUDE>
                      </SHOM_POSITION>
                    </SHOM_LISTE_POSITIONS>
                  </SHOM_CARTE_INSTRUCTION>
                </INSTRUCTION_LIST_ITEM>
                <INSTRUCTION_LIST_ITEM>
                  <SHOM_CARTE_INSTRUCTION>
                    <SHOM_NUM_CARTE>6857</SHOM_NUM_CARTE>
                    <SHOM_ACTION_INSTRUCTION>Remplacer</SHOM_ACTION_INSTRUCTION>
                    <SHOM_OBJET_INSTRUCTION><FONT size="5" face="TdyCARISNewSymbols">±</FONT><EM>Obstn</EM> par  <FONT size="5" face="NMSyms">1</FONT><FONT size="5" face="NMSyms">9</FONT><FONT size="5" face="NMSyms">!</FONT><FONT size="5" face="NMSyms">,</FONT><FONT size="5" face="NMSyms">û</FONT>    <EM>Obstn</EM> </SHOM_OBJET_INSTRUCTION>
                    <SHOM_LISTE_POSITIONS>
                      <SHOM_POSITION>
                        <SHOM_LATITUDE>49 42,84 N</SHOM_LATITUDE>
                        <SHOM_LONGITUDE>000 03,00 W</SHOM_LONGITUDE>
                      </SHOM_POSITION>
                    </SHOM_LISTE_POSITIONS>
                  </SHOM_CARTE_INSTRUCTION>
                </INSTRUCTION_LIST_ITEM>
              </INSTRUCTION_LIST>
            </SHOM_BASE_NOTICE>
          </SECTION_CONTENT_LIST_ITEM>
          <SECTION_CONTENT_LIST_ITEM>
            <SHOM_BASE_NOTICE>
              <SHOM_NOTICE_ORIGIN>Non original</SHOM_NOTICE_ORIGIN>
              <SHOM_PUB_ID_NUMBER>73</SHOM_PUB_ID_NUMBER>
              <SHOM_COUNTRY>ESPAGNE</SHOM_COUNTRY>
              <SHOM_COAST>Côte Est</SHOM_COAST>
              <SHOM_REGION_LISTE>
                <SHOM_REGION>Abords et port de Valencia</SHOM_REGION>
              </SHOM_REGION_LISTE>
              <SHOM_THEME_LIST>
                <SHOM_THEME>Bathymétrie</SHOM_THEME>
              </SHOM_THEME_LIST>
              <SHOM_SOURCE_LIST>
                <SHOM_SOURCE>
                  <SHOM_ORGANISME>Cádiz</SHOM_ORGANISME>
                  <SHOM_REFERENCE_SOURCE>17-49-435</SHOM_REFERENCE_SOURCE>
                </SHOM_SOURCE>
                <SHOM_SOURCE>
                  <SHOM_ORGANISME_MANUEL>cartes espagnoles 47, 48 et 48 A</SHOM_ORGANISME_MANUEL>
                </SHOM_SOURCE>
              </SHOM_SOURCE_LIST>
              <INSTRUCTION_LIST>
                <INSTRUCTION_LIST_ITEM>
                  <SHOM_CARTE_INSTRUCTION>
                    <SHOM_NUM_CARTE>7276</SHOM_NUM_CARTE>
                    <SHOM_ACTION_INSTRUCTION>Porter</SHOM_ACTION_INSTRUCTION>
                    <SHOM_OBJET_INSTRUCTION>annexe graphique F.31</SHOM_OBJET_INSTRUCTION>
                    <SHOM_LISTE_POSITIONS>
                      <SHOM_POSITION>
                        <SHOM_LATITUDE>39 27,00 N</SHOM_LATITUDE>
                        <SHOM_LONGITUDE>000 18,00 W</SHOM_LONGITUDE>
                      </SHOM_POSITION>
                    </SHOM_LISTE_POSITIONS>
                  </SHOM_CARTE_INSTRUCTION>
                </INSTRUCTION_LIST_ITEM>
                <INSTRUCTION_LIST_ITEM>
                  <SHOM_CARTE_INSTRUCTION>
                    <SHOM_NUM_CARTE>7276</SHOM_NUM_CARTE>
                    <SHOM_ACTION_INSTRUCTION>Porter</SHOM_ACTION_INSTRUCTION>
                    <SHOM_OBJET_INSTRUCTION>Sonde : <EM>27 </EM>entourée d'une courbe</SHOM_OBJET_INSTRUCTION>
                    <SHOM_LISTE_POSITIONS>
                      <SHOM_POSITION>
                        <SHOM_LATITUDE>39 25,82 N</SHOM_LATITUDE>
                        <SHOM_LONGITUDE>000 14,16 W</SHOM_LONGITUDE>
                      </SHOM_POSITION>
                    </SHOM_LISTE_POSITIONS>
                  </SHOM_CARTE_INSTRUCTION>
                </INSTRUCTION_LIST_ITEM>
                <INSTRUCTION_LIST_ITEM>
                  <SHOM_CARTE_INSTRUCTION>
                    <SHOM_NUM_CARTE>7669</SHOM_NUM_CARTE>
                    <SHOM_ACTION_INSTRUCTION>Porter</SHOM_ACTION_INSTRUCTION>
                    <SHOM_OBJET_INSTRUCTION>Sonde : <EM>27 </EM>entourée d'une courbe</SHOM_OBJET_INSTRUCTION>
                    <SHOM_LISTE_POSITIONS>
                      <SHOM_POSITION>
                        <SHOM_LATITUDE>39 25,82 N</SHOM_LATITUDE>
                        <SHOM_LONGITUDE>000 14,16 W</SHOM_LONGITUDE>
                      </SHOM_POSITION>
                    </SHOM_LISTE_POSITIONS>
                  </SHOM_CARTE_INSTRUCTION>
                </INSTRUCTION_LIST_ITEM>
                <INSTRUCTION_LIST_ITEM>
                  <SHOM_CARTE_INSTRUCTION>
                    <SHOM_NUM_CARTE>7669</SHOM_NUM_CARTE>
                    <SHOM_ACTION_INSTRUCTION>Rayer</SHOM_ACTION_INSTRUCTION>
                    <SHOM_OBJET_INSTRUCTION>Sonde : <EM>39</EM></SHOM_OBJET_INSTRUCTION>
                    <SHOM_LISTE_POSITIONS>
                      <SHOM_POSITION>
                        <SHOM_COMPLEMENT_POSITION>voisine de (a)</SHOM_COMPLEMENT_POSITION>
                      </SHOM_POSITION>
                    </SHOM_LISTE_POSITIONS>
                  </SHOM_CARTE_INSTRUCTION>
                </INSTRUCTION_LIST_ITEM>
              </INSTRUCTION_LIST>
            </SHOM_BASE_NOTICE>
          </SECTION_CONTENT_LIST_ITEM>
          <SECTION_CONTENT_LIST_ITEM>
            <SHOM_BASE_NOTICE>
              <SHOM_NOTICE_ORIGIN>Original</SHOM_NOTICE_ORIGIN>
              <SHOM_PUB_ID_NUMBER>76</SHOM_PUB_ID_NUMBER>
              <SHOM_COUNTRY>FRANCE</SHOM_COUNTRY>
              <SHOM_COAST>Côte Sud</SHOM_COAST>
              <SHOM_REGION_LISTE>
                <SHOM_REGION>Du Cap Sicié au Cap Cépet</SHOM_REGION>
              </SHOM_REGION_LISTE>
              <SHOM_THEME_LIST>
                <SHOM_THEME>Bathymétrie</SHOM_THEME>
                <SHOM_THEME>Épave</SHOM_THEME>
              </SHOM_THEME_LIST>
              <SHOM_SOURCE_LIST>
                <SHOM_SOURCE>
                  <SHOM_ORGANISME>Shom</SHOM_ORGANISME>
                </SHOM_SOURCE>
              </SHOM_SOURCE_LIST>
              <INSTRUCTION_LIST>
                <INSTRUCTION_LIST_ITEM>
                  <SHOM_CARTE_INSTRUCTION>
                    <SHOM_NUM_CARTE>7091</SHOM_NUM_CARTE>
                    <SHOM_ACTION_INSTRUCTION>Porter</SHOM_ACTION_INSTRUCTION>
                    <SHOM_OBJET_INSTRUCTION> <FONT size="5" face="NMSyms">4</FONT><FONT size="5" face="NMSyms">5</FONT><FONT size="5" face="NMSyms">,</FONT>    <EM>Wks</EM> </SHOM_OBJET_INSTRUCTION>
                    <SHOM_LISTE_POSITIONS>
                      <SHOM_POSITION>
                        <SHOM_RENVOI_POSITION>(a)</SHOM_RENVOI_POSITION>
                        <SHOM_LATITUDE>43 03,60 N</SHOM_LATITUDE>
                        <SHOM_LONGITUDE>005 56,59 E</SHOM_LONGITUDE>
                      </SHOM_POSITION>
                    </SHOM_LISTE_POSITIONS>
                  </SHOM_CARTE_INSTRUCTION>
                </INSTRUCTION_LIST_ITEM>
                <INSTRUCTION_LIST_ITEM>
                  <SHOM_CARTE_INSTRUCTION>
                    <SHOM_NUM_CARTE>7091</SHOM_NUM_CARTE>
                    <SHOM_ACTION_INSTRUCTION>Rayer</SHOM_ACTION_INSTRUCTION>
                    <SHOM_OBJET_INSTRUCTION>
                      <FONT size="5" face="TdyCARISNewSymbols">i</FONT>
                      <EM>ED</EM>
                    </SHOM_OBJET_INSTRUCTION>
                    <SHOM_LISTE_POSITIONS>
                      <SHOM_POSITION>
                        <SHOM_COMPLEMENT_POSITION>voisine de (a)</SHOM_COMPLEMENT_POSITION>
                      </SHOM_POSITION>
                    </SHOM_LISTE_POSITIONS>
                  </SHOM_CARTE_INSTRUCTION>
                </INSTRUCTION_LIST_ITEM>
                <INSTRUCTION_LIST_ITEM>
                  <SHOM_CARTE_INSTRUCTION>
                    <SHOM_NUM_CARTE>7406</SHOM_NUM_CARTE>
                    <SHOM_ACTION_INSTRUCTION>Porter</SHOM_ACTION_INSTRUCTION>
                    <SHOM_OBJET_INSTRUCTION>Sonde : <EM>6<SUB>5</SUB></EM></SHOM_OBJET_INSTRUCTION>
                    <SHOM_LISTE_POSITIONS>
                      <SHOM_POSITION>
                        <SHOM_LATITUDE>43 03,58 N</SHOM_LATITUDE>
                        <SHOM_LONGITUDE>005 52,12 E</SHOM_LONGITUDE>
                      </SHOM_POSITION>
                    </SHOM_LISTE_POSITIONS>
                  </SHOM_CARTE_INSTRUCTION>
                </INSTRUCTION_LIST_ITEM>
                <INSTRUCTION_LIST_ITEM>
                  <SHOM_CARTE_INSTRUCTION>
                    <SHOM_NUM_CARTE>7406</SHOM_NUM_CARTE>
                    <SHOM_ACTION_INSTRUCTION>Porter</SHOM_ACTION_INSTRUCTION>
                    <SHOM_OBJET_INSTRUCTION>Sonde : <EM>17<SUB>6</SUB></EM></SHOM_OBJET_INSTRUCTION>
                    <SHOM_LISTE_POSITIONS>
                      <SHOM_POSITION>
                        <SHOM_RENVOI_POSITION>(a)</SHOM_RENVOI_POSITION>
                        <SHOM_LATITUDE>43 04,12 N</SHOM_LATITUDE>
                        <SHOM_LONGITUDE>005 53,13 E</SHOM_LONGITUDE>
                      </SHOM_POSITION>
                    </SHOM_LISTE_POSITIONS>
                  </SHOM_CARTE_INSTRUCTION>
                </INSTRUCTION_LIST_ITEM>
                <INSTRUCTION_LIST_ITEM>
                  <SHOM_CARTE_INSTRUCTION>
                    <SHOM_NUM_CARTE>7406</SHOM_NUM_CARTE>
                    <SHOM_ACTION_INSTRUCTION>Rayer</SHOM_ACTION_INSTRUCTION>
                    <SHOM_OBJET_INSTRUCTION>Sonde : <EM>16<SUB>8</SUB></EM></SHOM_OBJET_INSTRUCTION>
                    <SHOM_LISTE_POSITIONS>
                      <SHOM_POSITION>
                        <SHOM_COMPLEMENT_POSITION>voisine de (a)</SHOM_COMPLEMENT_POSITION>
                      </SHOM_POSITION>
                    </SHOM_LISTE_POSITIONS>
                  </SHOM_CARTE_INSTRUCTION>
                </INSTRUCTION_LIST_ITEM>
              </INSTRUCTION_LIST>
            </SHOM_BASE_NOTICE>
          </SECTION_CONTENT_LIST_ITEM>
          <SECTION_CONTENT_LIST_ITEM>
            <SHOM_BASE_NOTICE>
              <SHOM_NOTICE_ORIGIN>Original</SHOM_NOTICE_ORIGIN>
              <SHOM_PUB_ID_NUMBER>84</SHOM_PUB_ID_NUMBER>
              <SHOM_COUNTRY>FRANCE</SHOM_COUNTRY>
              <SHOM_REGION_LISTE>
                <SHOM_REGION>Corse. Golfe de Saint-Florent. Abords NE de la Pointe de Fornali</SHOM_REGION>
              </SHOM_REGION_LISTE>
              <SHOM_THEME_LIST>
                <SHOM_THEME>Obstruction</SHOM_THEME>
              </SHOM_THEME_LIST>
              <SHOM_SOURCE_LIST>
                <SHOM_SOURCE>
                  <SHOM_ORGANISME>GHOA</SHOM_ORGANISME>
                </SHOM_SOURCE>
              </SHOM_SOURCE_LIST>
              <INSTRUCTION_LIST>
                <INSTRUCTION_LIST_ITEM>
                  <SHOM_CARTE_INSTRUCTION>
                    <SHOM_NUM_CARTE>6850</SHOM_NUM_CARTE>
                    <SHOM_NUMERO_CARTON>A</SHOM_NUMERO_CARTON>
                    <SHOM_ACTION_INSTRUCTION>Porter</SHOM_ACTION_INSTRUCTION>
                    <SHOM_OBJET_INSTRUCTION> <FONT size="5" face="NMSyms">2</FONT><FONT size="5" face="NMSyms">3</FONT><FONT size="5" face="NMSyms">,</FONT>    <EM>Obstn</EM> </SHOM_OBJET_INSTRUCTION>
                    <SHOM_LISTE_POSITIONS>
                      <SHOM_POSITION>
                        <SHOM_LATITUDE>42 41,852 N</SHOM_LATITUDE>
                        <SHOM_LONGITUDE>009 17,295 E</SHOM_LONGITUDE>
                      </SHOM_POSITION>
                    </SHOM_LISTE_POSITIONS>
                  </SHOM_CARTE_INSTRUCTION>
                </INSTRUCTION_LIST_ITEM>
                <INSTRUCTION_LIST_ITEM>
                  <SHOM_CARTE_INSTRUCTION>
                    <SHOM_NUM_CARTE>6969</SHOM_NUM_CARTE>
                    <SHOM_ACTION_INSTRUCTION>Porter</SHOM_ACTION_INSTRUCTION>
                    <SHOM_OBJET_INSTRUCTION> <FONT size="5" face="NMSyms">2</FONT><FONT size="5" face="NMSyms">3</FONT><FONT size="5" face="NMSyms">,</FONT>    <EM>Obstn</EM> </SHOM_OBJET_INSTRUCTION>
                    <SHOM_LISTE_POSITIONS>
                      <SHOM_POSITION>
                        <SHOM_LATITUDE>42 41,85 N</SHOM_LATITUDE>
                        <SHOM_LONGITUDE>009 17,30 E</SHOM_LONGITUDE>
                      </SHOM_POSITION>
                    </SHOM_LISTE_POSITIONS>
                  </SHOM_CARTE_INSTRUCTION>
                </INSTRUCTION_LIST_ITEM>
              </INSTRUCTION_LIST>
            </SHOM_BASE_NOTICE>
          </SECTION_CONTENT_LIST_ITEM>
          <SECTION_CONTENT_LIST_ITEM>
            <SHOM_BASE_NOTICE>
              <SHOM_NOTICE_ORIGIN>Non original</SHOM_NOTICE_ORIGIN>
              <SHOM_PUB_ID_NUMBER>88</SHOM_PUB_ID_NUMBER>
              <SHOM_COUNTRY>ITALIE</SHOM_COUNTRY>
              <SHOM_COAST>Côte NW</SHOM_COAST>
              <SHOM_REGION_LISTE>
                <SHOM_REGION>Port de La Spezia</SHOM_REGION>
              </SHOM_REGION_LISTE>
              <SHOM_THEME_LIST>
                <SHOM_THEME>Balisage</SHOM_THEME>
                <SHOM_THEME>Zone</SHOM_THEME>
              </SHOM_THEME_LIST>
              <SHOM_SOURCE_LIST>
                <SHOM_SOURCE>
                  <SHOM_ORGANISME>Genova</SHOM_ORGANISME>
                  <SHOM_REFERENCE_SOURCE>17-25-03</SHOM_REFERENCE_SOURCE>
                </SHOM_SOURCE>
              </SHOM_SOURCE_LIST>
              <INSTRUCTION_LIST>
                <INSTRUCTION_LIST_ITEM>
                  <SHOM_CARTE_INSTRUCTION>
                    <SHOM_NUM_CARTE>7534</SHOM_NUM_CARTE>
                    <SHOM_ACTION_INSTRUCTION>Porter</SHOM_ACTION_INSTRUCTION>
                    <SHOM_OBJET_INSTRUCTION>annexe graphique F.38</SHOM_OBJET_INSTRUCTION>
                    <SHOM_LISTE_POSITIONS>
                      <SHOM_POSITION>
                        <SHOM_LATITUDE>44 06,000 N</SHOM_LATITUDE>
                        <SHOM_LONGITUDE>009 51,00 E</SHOM_LONGITUDE>
                      </SHOM_POSITION>
                    </SHOM_LISTE_POSITIONS>
                  </SHOM_CARTE_INSTRUCTION>
                </INSTRUCTION_LIST_ITEM>
                <INSTRUCTION_LIST_ITEM>
                  <SHOM_CARTE_INSTRUCTION>
                    <SHOM_NUM_CARTE>7535</SHOM_NUM_CARTE>
                    <SHOM_ACTION_INSTRUCTION>Porter</SHOM_ACTION_INSTRUCTION>
                    <SHOM_OBJET_INSTRUCTION>annexe graphique F.39</SHOM_OBJET_INSTRUCTION>
                    <SHOM_LISTE_POSITIONS>
                      <SHOM_POSITION>
                        <SHOM_LATITUDE>44 06,000 N</SHOM_LATITUDE>
                        <SHOM_LONGITUDE>009 51,000 E</SHOM_LONGITUDE>
                      </SHOM_POSITION>
                    </SHOM_LISTE_POSITIONS>
                  </SHOM_CARTE_INSTRUCTION>
                </INSTRUCTION_LIST_ITEM>
              </INSTRUCTION_LIST>
            </SHOM_BASE_NOTICE>
          </SECTION_CONTENT_LIST_ITEM>
          <SECTION_CONTENT_LIST_ITEM>
            <SHOM_BASE_NOTICE>
              <SHOM_NOTICE_ORIGIN>Non original</SHOM_NOTICE_ORIGIN>
              <SHOM_PUB_ID_NUMBER>91</SHOM_PUB_ID_NUMBER>
              <SHOM_COUNTRY>ITALIE</SHOM_COUNTRY>
              <SHOM_COAST>Côte Ouest</SHOM_COAST>
              <SHOM_REGION_LISTE>
                <SHOM_REGION>Forio d'Ischia</SHOM_REGION>
              </SHOM_REGION_LISTE>
              <SHOM_THEME_LIST>
                <SHOM_THEME>Obstruction</SHOM_THEME>
              </SHOM_THEME_LIST>
              <SHOM_SOURCE_LIST>
                <SHOM_SOURCE>
                  <SHOM_ORGANISME_MANUEL>cartes IT 9 et 129</SHOM_ORGANISME_MANUEL>
                </SHOM_SOURCE>
              </SHOM_SOURCE_LIST>
              <INSTRUCTION_LIST>
                <INSTRUCTION_LIST_ITEM>
                  <SHOM_CARTE_INSTRUCTION>
                    <SHOM_NUM_CARTE>6711</SHOM_NUM_CARTE>
                    <SHOM_NUMERO_CORRECTION>0</SHOM_NUMERO_CORRECTION>
                    <SHOM_NOTE_INSTRUCTION>Cette carte sera corrigée ultérieurement.</SHOM_NOTE_INSTRUCTION>
                  </SHOM_CARTE_INSTRUCTION>
                </INSTRUCTION_LIST_ITEM>
                <INSTRUCTION_LIST_ITEM>
                  <SHOM_CARTE_INSTRUCTION>
                    <SHOM_NUM_CARTE>7362</SHOM_NUM_CARTE>
                    <SHOM_ACTION_INSTRUCTION>Rayer</SHOM_ACTION_INSTRUCTION>
                    <SHOM_OBJET_INSTRUCTION> <FONT size="5" face="NMSyms">2</FONT><FONT size="5" face="NMSyms">&amp;</FONT><FONT size="5" face="NMSyms">+</FONT>    <EM>Obstn</EM> </SHOM_OBJET_INSTRUCTION>
                    <SHOM_LISTE_POSITIONS>
                      <SHOM_POSITION>
                        <SHOM_LATITUDE>40 44,67 N</SHOM_LATITUDE>
                        <SHOM_LONGITUDE>013 51,19 E</SHOM_LONGITUDE>
                      </SHOM_POSITION>
                    </SHOM_LISTE_POSITIONS>
                  </SHOM_CARTE_INSTRUCTION>
                </INSTRUCTION_LIST_ITEM>
              </INSTRUCTION_LIST>
            </SHOM_BASE_NOTICE>
          </SECTION_CONTENT_LIST_ITEM>
          <SECTION_CONTENT_LIST_ITEM>
            <SHOM_BASE_NOTICE>
              <SHOM_PUB_ID_NUMBER>92</SHOM_PUB_ID_NUMBER>
              <SHOM_COUNTRY>ITALIE</SHOM_COUNTRY>
              <SHOM_COAST>Côte NW</SHOM_COAST>
              <SHOM_REGION_LISTE>
                <SHOM_REGION>Port de Napoli</SHOM_REGION>
              </SHOM_REGION_LISTE>
              <SHOM_THEME_LIST>
                <SHOM_THEME>Balisage</SHOM_THEME>
                <SHOM_THEME>Feu</SHOM_THEME>
                <SHOM_THEME>Zone</SHOM_THEME>
              </SHOM_THEME_LIST>
              <SHOM_SOURCE_LIST>
                <SHOM_SOURCE>
                  <SHOM_ORGANISME>Genova</SHOM_ORGANISME>
                  <SHOM_REFERENCE_SOURCE>17-25-03</SHOM_REFERENCE_SOURCE>
                </SHOM_SOURCE>
              </SHOM_SOURCE_LIST>
              <INSTRUCTION_LIST>
                <INSTRUCTION_LIST_ITEM>
                  <SHOM_CARTE_INSTRUCTION>
                    <SHOM_NUM_CARTE>7500</SHOM_NUM_CARTE>
                    <SHOM_ACTION_INSTRUCTION>Porter</SHOM_ACTION_INSTRUCTION>
                    <SHOM_OBJET_INSTRUCTION>annexe graphique F.40</SHOM_OBJET_INSTRUCTION>
                    <SHOM_LISTE_POSITIONS>
                      <SHOM_POSITION>
                        <SHOM_LATITUDE>40 50,00 N</SHOM_LATITUDE>
                        <SHOM_LONGITUDE>014 16,00 E</SHOM_LONGITUDE>
                      </SHOM_POSITION>
                    </SHOM_LISTE_POSITIONS>
                  </SHOM_CARTE_INSTRUCTION>
                </INSTRUCTION_LIST_ITEM>
              </INSTRUCTION_LIST>
            </SHOM_BASE_NOTICE>
          </SECTION_CONTENT_LIST_ITEM>
          <SECTION_CONTENT_LIST_ITEM>
            <SHOM_BASE_NOTICE>
              <SHOM_PUB_ID_NUMBER>97</SHOM_PUB_ID_NUMBER>
              <SHOM_COUNTRY>ITALIE</SHOM_COUNTRY>
              <SHOM_COAST>Côte Est</SHOM_COAST>
              <SHOM_REGION_LISTE>
                <SHOM_REGION>Venezia</SHOM_REGION>
              </SHOM_REGION_LISTE>
              <SHOM_THEME_LIST>
                <SHOM_THEME>Bathymétrie</SHOM_THEME>
                <SHOM_THEME>Coffre</SHOM_THEME>
              </SHOM_THEME_LIST>
              <SHOM_SOURCE_LIST>
                <SHOM_SOURCE>
                  <SHOM_REFERENCE_SOURCE>Carte 7227</SHOM_REFERENCE_SOURCE>
                </SHOM_SOURCE>
              </SHOM_SOURCE_LIST>
              <INSTRUCTION_LIST>
                <INSTRUCTION_LIST_ITEM>
                  <SHOM_CARTE_INSTRUCTION>
                    <SHOM_NUM_CARTE>7226</SHOM_NUM_CARTE>
                    <SHOM_ACTION_INSTRUCTION>Porter</SHOM_ACTION_INSTRUCTION>
                    <SHOM_OBJET_INSTRUCTION>
                      <P>
                        <EM>
                          <EM>
                            <EM>Sonde : <EM>4<SUB>8</SUB></EM> entourée d'une courbe </EM>
                          </EM>
                        </EM>
                      </P>
                    </SHOM_OBJET_INSTRUCTION>
                    <SHOM_LISTE_POSITIONS>
                      <SHOM_POSITION>
                        <SHOM_LATITUDE>45 25,821 N</SHOM_LATITUDE>
                        <SHOM_LONGITUDE>012 20,343 E</SHOM_LONGITUDE>
                      </SHOM_POSITION>
                    </SHOM_LISTE_POSITIONS>
                  </SHOM_CARTE_INSTRUCTION>
                </INSTRUCTION_LIST_ITEM>
                <INSTRUCTION_LIST_ITEM>
                  <SHOM_CARTE_INSTRUCTION>
                    <SHOM_NUM_CARTE>7226</SHOM_NUM_CARTE>
                    <SHOM_ACTION_INSTRUCTION>Rayer</SHOM_ACTION_INSTRUCTION>
                    <SHOM_OBJET_INSTRUCTION>
                      <FONT size="6" face="TdyCARISUprightStructures"> <FONT size="6" face="TdyCARISUprightStructures">*</FONT></FONT>
                    </SHOM_OBJET_INSTRUCTION>
                    <SHOM_LISTE_POSITIONS>
                      <SHOM_POSITION>
                        <SHOM_LATITUDE>45 25,715 N</SHOM_LATITUDE>
                        <SHOM_LONGITUDE>012 20,507 E</SHOM_LONGITUDE>
                      </SHOM_POSITION>
                      <SHOM_POSITION>
                        <SHOM_LATITUDE>45 25,668 N</SHOM_LATITUDE>
                        <SHOM_LONGITUDE>012 20,354 E</SHOM_LONGITUDE>
                      </SHOM_POSITION>
                    </SHOM_LISTE_POSITIONS>
                  </SHOM_CARTE_INSTRUCTION>
                </INSTRUCTION_LIST_ITEM>
              </INSTRUCTION_LIST>
            </SHOM_BASE_NOTICE>
          </SECTION_CONTENT_LIST_ITEM>
          <SECTION_CONTENT_LIST_ITEM>
            <SHOM_BASE_NOTICE>
              <SHOM_PUB_ID_NUMBER>99</SHOM_PUB_ID_NUMBER>
              <SHOM_COUNTRY>CROATIE</SHOM_COUNTRY>
              <SHOM_COAST>Côte Ouest</SHOM_COAST>
              <SHOM_REGION_LISTE>
                <SHOM_REGION>Lastovo</SHOM_REGION>
                <SHOM_REGION>Mljet et Malo More</SHOM_REGION>
              </SHOM_REGION_LISTE>
              <SHOM_THEME_LIST>
                <SHOM_THEME>Zone</SHOM_THEME>
              </SHOM_THEME_LIST>
              <SHOM_SOURCE_LIST>
                <SHOM_SOURCE>
                  <SHOM_ORGANISME>Split</SHOM_ORGANISME>
                  <SHOM_ORGANISME_MANUEL>17-11-08</SHOM_ORGANISME_MANUEL>
                </SHOM_SOURCE>
              </SHOM_SOURCE_LIST>
              <INSTRUCTION_LIST>
                <INSTRUCTION_LIST_ITEM>
                  <SHOM_CARTE_INSTRUCTION>
                    <SHOM_NUM_CARTE>7326</SHOM_NUM_CARTE>
                    <SHOM_ACTION_INSTRUCTION>Porter</SHOM_ACTION_INSTRUCTION>
                    <SHOM_OBJET_INSTRUCTION>annexe graphique F.33</SHOM_OBJET_INSTRUCTION>
                    <SHOM_LISTE_POSITIONS>
                      <SHOM_POSITION>
                        <SHOM_LATITUDE>43 15,0 N</SHOM_LATITUDE>
                        <SHOM_LONGITUDE>017 30,0 E</SHOM_LONGITUDE>
                      </SHOM_POSITION>
                    </SHOM_LISTE_POSITIONS>
                  </SHOM_CARTE_INSTRUCTION>
                </INSTRUCTION_LIST_ITEM>
                <INSTRUCTION_LIST_ITEM>
                  <SHOM_CARTE_INSTRUCTION>
                    <SHOM_NUM_CARTE>7326</SHOM_NUM_CARTE>
                    <SHOM_ACTION_INSTRUCTION>Porter</SHOM_ACTION_INSTRUCTION>
                    <SHOM_OBJET_INSTRUCTION>
                      <P>Voir nota 8 See note 8</P>
                    </SHOM_OBJET_INSTRUCTION>
                    <SHOM_LISTE_POSITIONS>
                      <SHOM_POSITION>
                        <SHOM_LATITUDE>42 57,4 N</SHOM_LATITUDE>
                        <SHOM_LONGITUDE>017 28,8 E</SHOM_LONGITUDE>
                      </SHOM_POSITION>
                    </SHOM_LISTE_POSITIONS>
                  </SHOM_CARTE_INSTRUCTION>
                </INSTRUCTION_LIST_ITEM>
              </INSTRUCTION_LIST>
            </SHOM_BASE_NOTICE>
          </SECTION_CONTENT_LIST_ITEM>
          <SECTION_CONTENT_LIST_ITEM>
            <SHOM_BASE_NOTICE>
              <SHOM_PUB_ID_NUMBER>100</SHOM_PUB_ID_NUMBER>
              <SHOM_COUNTRY>CROATIE</SHOM_COUNTRY>
              <SHOM_COAST>Côte Ouest</SHOM_COAST>
              <SHOM_REGION_LISTE>
                <SHOM_REGION>Dubrovnik</SHOM_REGION>
                <SHOM_REGION>Uvala Batala</SHOM_REGION>
              </SHOM_REGION_LISTE>
              <SHOM_THEME_LIST>
                <SHOM_THEME>Feu</SHOM_THEME>
                <SHOM_THEME>Port</SHOM_THEME>
                <SHOM_THEME>Topographie</SHOM_THEME>
              </SHOM_THEME_LIST>
              <SHOM_SOURCE_LIST>
                <SHOM_SOURCE>
                  <SHOM_ORGANISME>Split</SHOM_ORGANISME>
                  <SHOM_REFERENCE_SOURCE>17-11-07</SHOM_REFERENCE_SOURCE>
                </SHOM_SOURCE>
                <SHOM_SOURCE>
                  <SHOM_ORGANISME>Shom</SHOM_ORGANISME>
                </SHOM_SOURCE>
              </SHOM_SOURCE_LIST>
              <INSTRUCTION_LIST>
                <INSTRUCTION_LIST_ITEM>
                  <SHOM_CARTE_INSTRUCTION>
                    <SHOM_NUM_CARTE>7697</SHOM_NUM_CARTE>
                    <SHOM_ACTION_INSTRUCTION>Porter</SHOM_ACTION_INSTRUCTION>
                    <SHOM_OBJET_INSTRUCTION>annexe graphique F.26</SHOM_OBJET_INSTRUCTION>
                    <SHOM_LISTE_POSITIONS>
                      <SHOM_POSITION>
                        <SHOM_LATITUDE>42 39,000 N</SHOM_LATITUDE>
                        <SHOM_LONGITUDE>018 05,000 E</SHOM_LONGITUDE>
                      </SHOM_POSITION>
                    </SHOM_LISTE_POSITIONS>
                  </SHOM_CARTE_INSTRUCTION>
                </INSTRUCTION_LIST_ITEM>
                <INSTRUCTION_LIST_ITEM>
                  <SHOM_CARTE_INSTRUCTION>
                    <SHOM_NUM_CARTE>7697</SHOM_NUM_CARTE>
                    <SHOM_NUMERO_CARTON>A</SHOM_NUMERO_CARTON>
                    <SHOM_ACTION_INSTRUCTION>Porter</SHOM_ACTION_INSTRUCTION>
                    <SHOM_OBJET_INSTRUCTION>annexe graphique F.27</SHOM_OBJET_INSTRUCTION>
                    <SHOM_LISTE_POSITIONS>
                      <SHOM_POSITION>
                        <SHOM_LATITUDE>42 39,500 N</SHOM_LATITUDE>
                        <SHOM_LONGITUDE>018 05,000 E</SHOM_LONGITUDE>
                      </SHOM_POSITION>
                    </SHOM_LISTE_POSITIONS>
                  </SHOM_CARTE_INSTRUCTION>
                </INSTRUCTION_LIST_ITEM>
              </INSTRUCTION_LIST>
            </SHOM_BASE_NOTICE>
          </SECTION_CONTENT_LIST_ITEM>
          <SECTION_CONTENT_LIST_ITEM>
            <SHOM_BASE_NOTICE>
              <SHOM_NOTICE_ORIGIN>Original</SHOM_NOTICE_ORIGIN>
              <SHOM_PUB_ID_NUMBER>117</SHOM_PUB_ID_NUMBER>
              <SHOM_COUNTRY>LIBAN</SHOM_COUNTRY>
              <SHOM_COAST>Côte Ouest</SHOM_COAST>
              <SHOM_REGION_LISTE>
                <SHOM_REGION>Port de Tripoli</SHOM_REGION>
              </SHOM_REGION_LISTE>
              <SHOM_THEME_LIST>
                <SHOM_THEME>Balisage</SHOM_THEME>
                <SHOM_THEME>Conduite sous-marine</SHOM_THEME>
                <SHOM_THEME>Épave</SHOM_THEME>
                <SHOM_THEME>Pilotage</SHOM_THEME>
                <SHOM_THEME>Topographie</SHOM_THEME>
                <SHOM_THEME>Travaux</SHOM_THEME>
              </SHOM_THEME_LIST>
              <SHOM_SOURCE_LIST>
                <SHOM_SOURCE>
                  <SHOM_ORGANISME_MANUEL>SHMAL</SHOM_ORGANISME_MANUEL>
                </SHOM_SOURCE>
              </SHOM_SOURCE_LIST>
              <INSTRUCTION_LIST>
                <INSTRUCTION_LIST_ITEM>
                  <SHOM_CARTE_INSTRUCTION>
                    <SHOM_NUM_CARTE>7255</SHOM_NUM_CARTE>
                    <SHOM_NUMERO_CORRECTION>49</SHOM_NUMERO_CORRECTION>
                    <SHOM_ACTION_INSTRUCTION>Rayer</SHOM_ACTION_INSTRUCTION>
                    <SHOM_OBJET_INSTRUCTION>   <FONT color="#ff00ff" size="5" face="TdyCARISNewSymbols">¬</FONT></SHOM_OBJET_INSTRUCTION>
                    <SHOM_LISTE_POSITIONS>
                      <SHOM_POSITION>
                        <SHOM_LATITUDE>34 29,7 N</SHOM_LATITUDE>
                        <SHOM_LONGITUDE>035 49,5 E</SHOM_LONGITUDE>
                      </SHOM_POSITION>
                    </SHOM_LISTE_POSITIONS>
                  </SHOM_CARTE_INSTRUCTION>
                </INSTRUCTION_LIST_ITEM>
                <INSTRUCTION_LIST_ITEM>
                  <SHOM_CARTE_INSTRUCTION>
                    <CHART_LIST/>
                    <SHOM_NUM_CARTE>7514</SHOM_NUM_CARTE>
                    <SHOM_NUMERO_CARTON>A</SHOM_NUMERO_CARTON>
                    <SHOM_ACTION_INSTRUCTION>Porter</SHOM_ACTION_INSTRUCTION>
                    <SHOM_OBJET_INSTRUCTION>annexe graphique F.29</SHOM_OBJET_INSTRUCTION>
                    <SHOM_LISTE_POSITIONS>
                      <SHOM_POSITION>
                        <SHOM_LATITUDE>34 28,00 N</SHOM_LATITUDE>
                        <SHOM_LONGITUDE>035 50,00 E</SHOM_LONGITUDE>
                      </SHOM_POSITION>
                    </SHOM_LISTE_POSITIONS>
                  </SHOM_CARTE_INSTRUCTION>
                </INSTRUCTION_LIST_ITEM>
                <INSTRUCTION_LIST_ITEM>
                  <SHOM_CARTE_INSTRUCTION>
                    <CHART_LIST/>
                    <SHOM_NUM_CARTE>7514</SHOM_NUM_CARTE>
                    <SHOM_NUMERO_CARTON>A</SHOM_NUMERO_CARTON>
                    <SHOM_ACTION_INSTRUCTION>Rayer</SHOM_ACTION_INSTRUCTION>
                    <SHOM_OBJET_INSTRUCTION>   <FONT color="#ff00ff" size="5" face="TdyCARISNewSymbols">¬</FONT></SHOM_OBJET_INSTRUCTION>
                    <SHOM_LISTE_POSITIONS>
                      <SHOM_POSITION>
                        <SHOM_LATITUDE>34 29,37 N</SHOM_LATITUDE>
                        <SHOM_LONGITUDE>035 49,52 E</SHOM_LONGITUDE>
                      </SHOM_POSITION>
                    </SHOM_LISTE_POSITIONS>
                  </SHOM_CARTE_INSTRUCTION>
                </INSTRUCTION_LIST_ITEM>
                <INSTRUCTION_LIST_ITEM>
                  <SHOM_CARTE_INSTRUCTION>
                    <CHART_LIST/>
                    <SHOM_NUM_CARTE>7514</SHOM_NUM_CARTE>
                    <SHOM_NUMERO_CARTON>A</SHOM_NUMERO_CARTON>
                    <SHOM_ACTION_INSTRUCTION>Rayer</SHOM_ACTION_INSTRUCTION>
                    <SHOM_OBJET_INSTRUCTION>    <FONT size="6" face="TdyCARISSlantedStructures">(</FONT><FONT size="6" face="TdyCARISSlantedStructures">B</FONT><FONT color="#ff00ff" size="6" face="TdyCARISSlantedStructures">R</FONT>     <EM>Q</EM></SHOM_OBJET_INSTRUCTION>
                    <SHOM_LISTE_POSITIONS>
                      <SHOM_POSITION>
                        <SHOM_LATITUDE>34 29,68 N</SHOM_LATITUDE>
                        <SHOM_LONGITUDE>035 52,45 E</SHOM_LONGITUDE>
                      </SHOM_POSITION>
                    </SHOM_LISTE_POSITIONS>
                  </SHOM_CARTE_INSTRUCTION>
                </INSTRUCTION_LIST_ITEM>
                <INSTRUCTION_LIST_ITEM>
                  <SHOM_CARTE_INSTRUCTION>
                    <CHART_LIST/>
                    <SHOM_NUM_CARTE>7514</SHOM_NUM_CARTE>
                    <SHOM_NUMERO_CARTON>A</SHOM_NUMERO_CARTON>
                    <SHOM_ACTION_INSTRUCTION>Rayer</SHOM_ACTION_INSTRUCTION>
                    <SHOM_OBJET_INSTRUCTION>    <FONT size="6" face="TdyCARISSlantedStructures">(</FONT>     <EM>Q.R</EM></SHOM_OBJET_INSTRUCTION>
                    <SHOM_LISTE_POSITIONS>
                      <SHOM_POSITION>
                        <SHOM_LATITUDE>34 30,04 N</SHOM_LATITUDE>
                        <SHOM_LONGITUDE>035 53,56 E</SHOM_LONGITUDE>
                      </SHOM_POSITION>
                    </SHOM_LISTE_POSITIONS>
                  </SHOM_CARTE_INSTRUCTION>
                </INSTRUCTION_LIST_ITEM>
                <INSTRUCTION_LIST_ITEM>
                  <SHOM_CARTE_INSTRUCTION>
                    <CHART_LIST/>
                    <SHOM_NUM_CARTE>7514</SHOM_NUM_CARTE>
                    <SHOM_NUMERO_CARTON>A</SHOM_NUMERO_CARTON>
                    <SHOM_ACTION_INSTRUCTION>Rayer</SHOM_ACTION_INSTRUCTION>
                    <SHOM_OBJET_INSTRUCTION>    <FONT color="#ff00ff" size="6" face="TdyCARISSlantedStructures">R</FONT>     <EM>Fl.3s </EM></SHOM_OBJET_INSTRUCTION>
                    <SHOM_LISTE_POSITIONS>
                      <SHOM_POSITION>
                        <SHOM_LATITUDE>34 29,24 N</SHOM_LATITUDE>
                        <SHOM_LONGITUDE>035 53,52 E</SHOM_LONGITUDE>
                      </SHOM_POSITION>
                    </SHOM_LISTE_POSITIONS>
                  </SHOM_CARTE_INSTRUCTION>
                </INSTRUCTION_LIST_ITEM>
              </INSTRUCTION_LIST>
            </SHOM_BASE_NOTICE>
          </SECTION_CONTENT_LIST_ITEM>
          <SECTION_CONTENT_LIST_ITEM>
            <SHOM_BASE_NOTICE>
              <SHOM_PUB_ID_NUMBER>128</SHOM_PUB_ID_NUMBER>
              <SHOM_COUNTRY>TUNISIE</SHOM_COUNTRY>
              <SHOM_COAST>Côte Nord</SHOM_COAST>
              <SHOM_REGION_LISTE>
                <SHOM_REGION>Île de la Galite</SHOM_REGION>
              </SHOM_REGION_LISTE>
              <SHOM_THEME_LIST>
                <SHOM_THEME>Coffre</SHOM_THEME>
                <SHOM_THEME>Mouillage</SHOM_THEME>
                <SHOM_THEME>Zone</SHOM_THEME>
              </SHOM_THEME_LIST>
              <SHOM_SOURCE_LIST>
                <SHOM_SOURCE>
                  <SHOM_ORGANISME_MANUEL>Carte TN 2500</SHOM_ORGANISME_MANUEL>
                </SHOM_SOURCE>
              </SHOM_SOURCE_LIST>
              <INSTRUCTION_LIST>
                <INSTRUCTION_LIST_ITEM>
                  <SHOM_CARTE_INSTRUCTION>
                    <SHOM_NUM_CARTE>5698</SHOM_NUM_CARTE>
                    <SHOM_ACTION_INSTRUCTION>Porter</SHOM_ACTION_INSTRUCTION>
                    <SHOM_OBJET_INSTRUCTION>annexe graphique F.32</SHOM_OBJET_INSTRUCTION>
                    <SHOM_LISTE_POSITIONS>
                      <SHOM_POSITION>
                        <SHOM_LATITUDE>37 32 00 N</SHOM_LATITUDE>
                        <SHOM_LONGITUDE>008 56 00 E</SHOM_LONGITUDE>
                      </SHOM_POSITION>
                    </SHOM_LISTE_POSITIONS>
                  </SHOM_CARTE_INSTRUCTION>
                </INSTRUCTION_LIST_ITEM>
              </INSTRUCTION_LIST>
            </SHOM_BASE_NOTICE>
          </SECTION_CONTENT_LIST_ITEM>
          <SECTION_CONTENT_LIST_ITEM>
            <SHOM_BASE_NOTICE>
              <SHOM_NOTICE_ORIGIN>Original</SHOM_NOTICE_ORIGIN>
              <SHOM_PUB_ID_NUMBER>130</SHOM_PUB_ID_NUMBER>
              <SHOM_COUNTRY>ALGÉRIE</SHOM_COUNTRY>
              <SHOM_COAST>Côte NW</SHOM_COAST>
              <SHOM_REGION_LISTE>
                <SHOM_REGION>Abords SE de Pointe Lalla Seti</SHOM_REGION>
              </SHOM_REGION_LISTE>
              <SHOM_THEME_LIST>
                <SHOM_THEME>Port</SHOM_THEME>
                <SHOM_THEME>Topographie</SHOM_THEME>
              </SHOM_THEME_LIST>
              <SHOM_SOURCE_LIST>
                <SHOM_SOURCE>
                  <SHOM_ORGANISME>Shom</SHOM_ORGANISME>
                </SHOM_SOURCE>
              </SHOM_SOURCE_LIST>
              <INSTRUCTION_LIST>
                <INSTRUCTION_LIST_ITEM>
                  <SHOM_CARTE_INSTRUCTION>
                    <SHOM_NUM_CARTE>6011</SHOM_NUM_CARTE>
                    <SHOM_NUMERO_CORRECTION>39</SHOM_NUMERO_CORRECTION>
                    <SHOM_ACTION_INSTRUCTION>Porter</SHOM_ACTION_INSTRUCTION>
                    <SHOM_OBJET_INSTRUCTION>annexe graphique F.43</SHOM_OBJET_INSTRUCTION>
                    <SHOM_LISTE_POSITIONS>
                      <SHOM_POSITION>
                        <SHOM_LATITUDE>35 08 00 N</SHOM_LATITUDE>
                        <SHOM_LONGITUDE>001 46 00 W</SHOM_LONGITUDE>
                      </SHOM_POSITION>
                    </SHOM_LISTE_POSITIONS>
                  </SHOM_CARTE_INSTRUCTION>
                </INSTRUCTION_LIST_ITEM>
              </INSTRUCTION_LIST>
            </SHOM_BASE_NOTICE>
          </SECTION_CONTENT_LIST_ITEM>
          <SECTION_CONTENT_LIST_ITEM>
            <SHOM_BASE_NOTICE>
              <SHOM_NOTICE_ORIGIN>Original</SHOM_NOTICE_ORIGIN>
              <SHOM_PUB_ID_NUMBER>132</SHOM_PUB_ID_NUMBER>
              <SHOM_COUNTRY>MAROC</SHOM_COUNTRY>
              <SHOM_COAST>Côte Nord</SHOM_COAST>
              <SHOM_REGION_LISTE>
                <SHOM_REGION>Abords de Pointe Betoya</SHOM_REGION>
              </SHOM_REGION_LISTE>
              <SHOM_THEME_LIST>
                <SHOM_THEME>Zone</SHOM_THEME>
                <SHOM_THEME>Travaux</SHOM_THEME>
              </SHOM_THEME_LIST>
              <SHOM_SOURCE_LIST>
                <SHOM_SOURCE>
                  <SHOM_ORGANISME>Shom</SHOM_ORGANISME>
                </SHOM_SOURCE>
              </SHOM_SOURCE_LIST>
              <INSTRUCTION_LIST>
                <INSTRUCTION_LIST_ITEM>
                  <SHOM_CARTE_INSTRUCTION>
                    <SHOM_NUM_CARTE>6570</SHOM_NUM_CARTE>
                    <SHOM_NUMERO_CORRECTION>72</SHOM_NUMERO_CORRECTION>
                    <SHOM_ACTION_INSTRUCTION>Porter</SHOM_ACTION_INSTRUCTION>
                    <SHOM_OBJET_INSTRUCTION>annexe graphique F.34</SHOM_OBJET_INSTRUCTION>
                    <SHOM_LISTE_POSITIONS>
                      <SHOM_POSITION>
                        <SHOM_LATITUDE>35 20,0 N</SHOM_LATITUDE>
                        <SHOM_LONGITUDE>003 20,0 W</SHOM_LONGITUDE>
                      </SHOM_POSITION>
                    </SHOM_LISTE_POSITIONS>
                  </SHOM_CARTE_INSTRUCTION>
                </INSTRUCTION_LIST_ITEM>
              </INSTRUCTION_LIST>
            </SHOM_BASE_NOTICE>
          </SECTION_CONTENT_LIST_ITEM>
          <SECTION_CONTENT_LIST_ITEM>
            <SHOM_BASE_NOTICE>
              <SHOM_NOTICE_ORIGIN>Original</SHOM_NOTICE_ORIGIN>
              <SHOM_PUB_ID_NUMBER>137</SHOM_PUB_ID_NUMBER>
              <SHOM_COUNTRY>MAROC</SHOM_COUNTRY>
              <SHOM_COAST>Côte Ouest</SHOM_COAST>
              <SHOM_REGION_LISTE>
                <SHOM_REGION>Abords d'Azemmour</SHOM_REGION>
              </SHOM_REGION_LISTE>
              <SHOM_THEME_LIST>
                <SHOM_THEME>Épave</SHOM_THEME>
                <SHOM_THEME>Topographie</SHOM_THEME>
              </SHOM_THEME_LIST>
              <SHOM_SOURCE_LIST>
                <SHOM_SOURCE>
                  <SHOM_REFERENCE_SOURCE>Carte 7701</SHOM_REFERENCE_SOURCE>
                </SHOM_SOURCE>
              </SHOM_SOURCE_LIST>
              <INSTRUCTION_LIST>
                <INSTRUCTION_LIST_ITEM>
                  <SHOM_CARTE_INSTRUCTION>
                    <SHOM_NUM_CARTE>6120</SHOM_NUM_CARTE>
                    <SHOM_NUMERO_CORRECTION>9</SHOM_NUMERO_CORRECTION>
                    <SHOM_ACTION_INSTRUCTION>Porter</SHOM_ACTION_INSTRUCTION>
                    <SHOM_OBJET_INSTRUCTION>annexe graphique F.37</SHOM_OBJET_INSTRUCTION>
                    <SHOM_LISTE_POSITIONS>
                      <SHOM_POSITION>
                        <SHOM_LATITUDE>33 20,00 N</SHOM_LATITUDE>
                        <SHOM_LONGITUDE>008 20,00 W</SHOM_LONGITUDE>
                      </SHOM_POSITION>
                    </SHOM_LISTE_POSITIONS>
                  </SHOM_CARTE_INSTRUCTION>
                </INSTRUCTION_LIST_ITEM>
                <INSTRUCTION_LIST_ITEM>
                  <SHOM_CARTE_INSTRUCTION>
                    <SHOM_NUM_CARTE>6170</SHOM_NUM_CARTE>
                    <SHOM_NUMERO_CORRECTION>22</SHOM_NUMERO_CORRECTION>
                    <SHOM_ACTION_INSTRUCTION>Porter</SHOM_ACTION_INSTRUCTION>
                    <SHOM_OBJET_INSTRUCTION>
                      <FONT size="5" face="TdyCARISNewSymbols">l </FONT>
                    </SHOM_OBJET_INSTRUCTION>
                    <SHOM_LISTE_POSITIONS>
                      <SHOM_POSITION>
                        <SHOM_LATITUDE>33 19,51 N</SHOM_LATITUDE>
                        <SHOM_LONGITUDE>008 20,37 W</SHOM_LONGITUDE>
                      </SHOM_POSITION>
                    </SHOM_LISTE_POSITIONS>
                  </SHOM_CARTE_INSTRUCTION>
                </INSTRUCTION_LIST_ITEM>
              </INSTRUCTION_LIST>
            </SHOM_BASE_NOTICE>
          </SECTION_CONTENT_LIST_ITEM>
          <SECTION_CONTENT_LIST_ITEM>
            <SHOM_BASE_NOTICE>
              <SHOM_NOTICE_ORIGIN>Original</SHOM_NOTICE_ORIGIN>
              <SHOM_PUB_ID_NUMBER>138</SHOM_PUB_ID_NUMBER>
              <SHOM_COUNTRY>MAROC</SHOM_COUNTRY>
              <SHOM_COAST>Côte Ouest</SHOM_COAST>
              <SHOM_REGION_LISTE>
                <SHOM_REGION>Mazagan</SHOM_REGION>
              </SHOM_REGION_LISTE>
              <SHOM_THEME_LIST>
                <SHOM_THEME>Topographie</SHOM_THEME>
              </SHOM_THEME_LIST>
              <SHOM_SOURCE_LIST>
                <SHOM_SOURCE>
                  <SHOM_ORGANISME>Shom</SHOM_ORGANISME>
                </SHOM_SOURCE>
              </SHOM_SOURCE_LIST>
              <INSTRUCTION_LIST>
                <INSTRUCTION_LIST_ITEM>
                  <SHOM_CARTE_INSTRUCTION>
                    <SHOM_NUM_CARTE>6120</SHOM_NUM_CARTE>
                    <SHOM_NUMERO_CORRECTION>10</SHOM_NUMERO_CORRECTION>
                    <SHOM_ACTION_INSTRUCTION>Porter</SHOM_ACTION_INSTRUCTION>
                    <SHOM_OBJET_INSTRUCTION>épi en trait plein</SHOM_OBJET_INSTRUCTION>
                    <SHOM_LISTE_POSITIONS>
                      <SHOM_POSITION>
                        <SHOM_PREFIXE_POSITION>entre</SHOM_PREFIXE_POSITION>
                        <SHOM_LATITUDE>33 15,53 N</SHOM_LATITUDE>
                        <SHOM_LONGITUDE>008 31,52 W</SHOM_LONGITUDE>
                        <SHOM_COMPLEMENT_POSITION>(côte)</SHOM_COMPLEMENT_POSITION>
                      </SHOM_POSITION>
                      <SHOM_POSITION>
                        <SHOM_LATITUDE>33 15,72 N</SHOM_LATITUDE>
                        <SHOM_LONGITUDE>008 31,68 W</SHOM_LONGITUDE>
                      </SHOM_POSITION>
                    </SHOM_LISTE_POSITIONS>
                  </SHOM_CARTE_INSTRUCTION>
                </INSTRUCTION_LIST_ITEM>
              </INSTRUCTION_LIST>
            </SHOM_BASE_NOTICE>
          </SECTION_CONTENT_LIST_ITEM>
          <SECTION_CONTENT_LIST_ITEM>
            <SHOM_BASE_NOTICE>
              <SHOM_NOTICE_ORIGIN>Non original</SHOM_NOTICE_ORIGIN>
              <SHOM_PUB_ID_NUMBER>139</SHOM_PUB_ID_NUMBER>
              <SHOM_COUNTRY>MAROC</SHOM_COUNTRY>
              <SHOM_COAST>Côte Ouest</SHOM_COAST>
              <SHOM_REGION_LISTE>
                <SHOM_REGION>Abords Sud du Port de Safi</SHOM_REGION>
              </SHOM_REGION_LISTE>
              <SHOM_THEME_LIST>
                <SHOM_THEME>Port</SHOM_THEME>
                <SHOM_THEME>Topographie</SHOM_THEME>
              </SHOM_THEME_LIST>
              <SHOM_SOURCE_LIST>
                <SHOM_SOURCE>
                  <SHOM_ORGANISME>Shom</SHOM_ORGANISME>
                </SHOM_SOURCE>
                <SHOM_SOURCE>
                  <SHOM_ORGANISME_MANUEL>DHOC</SHOM_ORGANISME_MANUEL>
                </SHOM_SOURCE>
              </SHOM_SOURCE_LIST>
              <INSTRUCTION_LIST>
                <INSTRUCTION_LIST_ITEM>
                  <SHOM_CARTE_INSTRUCTION>
                    <SHOM_NUM_CARTE>6169</SHOM_NUM_CARTE>
                    <SHOM_NUMERO_CORRECTION>22</SHOM_NUMERO_CORRECTION>
                    <SHOM_ACTION_INSTRUCTION>Porter</SHOM_ACTION_INSTRUCTION>
                    <SHOM_OBJET_INSTRUCTION>annexe graphique F.41</SHOM_OBJET_INSTRUCTION>
                    <SHOM_LISTE_POSITIONS>
                      <SHOM_POSITION>
                        <SHOM_LATITUDE>32 10,00 N</SHOM_LATITUDE>
                        <SHOM_LONGITUDE>009 15,00 W</SHOM_LONGITUDE>
                      </SHOM_POSITION>
                    </SHOM_LISTE_POSITIONS>
                  </SHOM_CARTE_INSTRUCTION>
                </INSTRUCTION_LIST_ITEM>
                <INSTRUCTION_LIST_ITEM>
                  <SHOM_CARTE_INSTRUCTION>
                    <SHOM_NUM_CARTE>6226</SHOM_NUM_CARTE>
                    <SHOM_NUMERO_CORRECTION>28</SHOM_NUMERO_CORRECTION>
                    <SHOM_ACTION_INSTRUCTION>Porter</SHOM_ACTION_INSTRUCTION>
                    <SHOM_OBJET_INSTRUCTION>annexe graphique F.42</SHOM_OBJET_INSTRUCTION>
                    <SHOM_LISTE_POSITIONS>
                      <SHOM_POSITION>
                        <SHOM_LATITUDE>32 10,00 N</SHOM_LATITUDE>
                        <SHOM_LONGITUDE>009 20,00 W</SHOM_LONGITUDE>
                      </SHOM_POSITION>
                    </SHOM_LISTE_POSITIONS>
                  </SHOM_CARTE_INSTRUCTION>
                </INSTRUCTION_LIST_ITEM>
              </INSTRUCTION_LIST>
            </SHOM_BASE_NOTICE>
          </SECTION_CONTENT_LIST_ITEM>
          <SECTION_CONTENT_LIST_ITEM>
            <SHOM_BASE_NOTICE>
              <SHOM_NOTICE_ORIGIN>Non original</SHOM_NOTICE_ORIGIN>
              <SHOM_PUB_ID_NUMBER>145</SHOM_PUB_ID_NUMBER>
              <SHOM_COUNTRY>GUINEE EQUATORIALE</SHOM_COUNTRY>
              <SHOM_REGION_LISTE>
                <SHOM_REGION>Port de Malabo</SHOM_REGION>
              </SHOM_REGION_LISTE>
              <SHOM_THEME_LIST>
                <SHOM_THEME>Bathymétrie</SHOM_THEME>
              </SHOM_THEME_LIST>
              <SHOM_SOURCE_LIST>
                <SHOM_SOURCE>
                  <SHOM_ORGANISME>Shom</SHOM_ORGANISME>
                </SHOM_SOURCE>
              </SHOM_SOURCE_LIST>
              <INSTRUCTION_LIST>
                <INSTRUCTION_LIST_ITEM>
                  <SHOM_CARTE_INSTRUCTION>
                    <SHOM_NUM_CARTE>7580</SHOM_NUM_CARTE>
                    <SHOM_NUMERO_CARTON>C</SHOM_NUMERO_CARTON>
                    <SHOM_NUMERO_CORRECTION>12</SHOM_NUMERO_CORRECTION>
                    <SHOM_ACTION_INSTRUCTION>Porter</SHOM_ACTION_INSTRUCTION>
                    <SHOM_OBJET_INSTRUCTION>annexe graphique F.35</SHOM_OBJET_INSTRUCTION>
                    <SHOM_LISTE_POSITIONS>
                      <SHOM_POSITION>
                        <SHOM_LATITUDE>03 45,500 N</SHOM_LATITUDE>
                        <SHOM_LONGITUDE>008 46,500 E</SHOM_LONGITUDE>
                      </SHOM_POSITION>
                    </SHOM_LISTE_POSITIONS>
                  </SHOM_CARTE_INSTRUCTION>
                </INSTRUCTION_LIST_ITEM>
                <INSTRUCTION_LIST_ITEM>
                  <SHOM_CARTE_INSTRUCTION>
                    <SHOM_NUM_CARTE>7580</SHOM_NUM_CARTE>
                    <SHOM_NUMERO_CARTON>C</SHOM_NUMERO_CARTON>
                    <SHOM_NUMERO_CORRECTION>12</SHOM_NUMERO_CORRECTION>
                    <SHOM_ACTION_INSTRUCTION>Porter</SHOM_ACTION_INSTRUCTION>
                    <SHOM_OBJET_INSTRUCTION>annexe graphique F.36 </SHOM_OBJET_INSTRUCTION>
                    <SHOM_LISTE_POSITIONS>
                      <SHOM_POSITION>
                        <SHOM_COMPLEMENT_POSITION_MANUEL>(coin NW de la carte)</SHOM_COMPLEMENT_POSITION_MANUEL>
                      </SHOM_POSITION>
                    </SHOM_LISTE_POSITIONS>
                  </SHOM_CARTE_INSTRUCTION>
                </INSTRUCTION_LIST_ITEM>
              </INSTRUCTION_LIST>
            </SHOM_BASE_NOTICE>
          </SECTION_CONTENT_LIST_ITEM>
          <SECTION_CONTENT_LIST_ITEM>
            <SHOM_BASE_NOTICE>
              <SHOM_NOTICE_ORIGIN>Non original</SHOM_NOTICE_ORIGIN>
              <SHOM_PUB_ID_NUMBER>146</SHOM_PUB_ID_NUMBER>
              <SHOM_COUNTRY>GUINEE EQUATORIALE</SHOM_COUNTRY>
              <SHOM_REGION_LISTE>
                <SHOM_REGION>Ceiba Terminal et au NE de Ceiba Terminal</SHOM_REGION>
              </SHOM_REGION_LISTE>
              <SHOM_THEME_LIST>
                <SHOM_THEME>Installation pétrolière</SHOM_THEME>
              </SHOM_THEME_LIST>
              <SHOM_SOURCE_LIST>
                <SHOM_SOURCE>
                  <SHOM_ORGANISME>Taunton</SHOM_ORGANISME>
                  <SHOM_REFERENCE_SOURCE>17-1826</SHOM_REFERENCE_SOURCE>
                </SHOM_SOURCE>
                <SHOM_SOURCE>
                  <SHOM_ORGANISME>Shom</SHOM_ORGANISME>
                </SHOM_SOURCE>
              </SHOM_SOURCE_LIST>
              <INSTRUCTION_LIST>
                <INSTRUCTION_LIST_ITEM>
                  <SHOM_CARTE_INSTRUCTION>
                    <SHOM_NUM_CARTE>7188</SHOM_NUM_CARTE>
                    <SHOM_NUMERO_CORRECTION>157</SHOM_NUMERO_CORRECTION>
                    <SHOM_ACTION_INSTRUCTION>Ajouter</SHOM_ACTION_INSTRUCTION>
                    <SHOM_OBJET_INSTRUCTION> <FONT size="6" face="TdyCARISUprightStructures">R</FONT></SHOM_OBJET_INSTRUCTION>
                    <SHOM_LISTE_POSITIONS>
                      <SHOM_POSITION>
                        <SHOM_LATITUDE>01 32,5 N</SHOM_LATITUDE>
                        <SHOM_LONGITUDE>009 17,7 E</SHOM_LONGITUDE>
                        <SHOM_COMPLEMENT_POSITION_MANUEL>(plate-forme)</SHOM_COMPLEMENT_POSITION_MANUEL>
                      </SHOM_POSITION>
                      <SHOM_POSITION>
                        <SHOM_LATITUDE>01 31,6 N</SHOM_LATITUDE>
                        <SHOM_LONGITUDE>009 20,5 E</SHOM_LONGITUDE>
                        <SHOM_COMPLEMENT_POSITION_MANUEL>(plate-forme)</SHOM_COMPLEMENT_POSITION_MANUEL>
                      </SHOM_POSITION>
                      <SHOM_POSITION>
                        <SHOM_LATITUDE>01 29,5 N</SHOM_LATITUDE>
                        <SHOM_LONGITUDE>009 25,2 E</SHOM_LONGITUDE>
                        <SHOM_COMPLEMENT_POSITION_MANUEL>(plate-forme)</SHOM_COMPLEMENT_POSITION_MANUEL>
                      </SHOM_POSITION>
                    </SHOM_LISTE_POSITIONS>
                  </SHOM_CARTE_INSTRUCTION>
                </INSTRUCTION_LIST_ITEM>
                <INSTRUCTION_LIST_ITEM>
                  <SHOM_CARTE_INSTRUCTION>
                    <SHOM_NUM_CARTE>7383</SHOM_NUM_CARTE>
                    <SHOM_NUMERO_CORRECTION>33</SHOM_NUMERO_CORRECTION>
                    <SHOM_ACTION_INSTRUCTION>Porter</SHOM_ACTION_INSTRUCTION>
                    <SHOM_OBJET_INSTRUCTION>annexe graphique F.28</SHOM_OBJET_INSTRUCTION>
                    <SHOM_LISTE_POSITIONS>
                      <SHOM_POSITION>
                        <SHOM_LATITUDE>01 30,0 N</SHOM_LATITUDE>
                        <SHOM_LONGITUDE>009 30,0 E</SHOM_LONGITUDE>
                      </SHOM_POSITION>
                    </SHOM_LISTE_POSITIONS>
                  </SHOM_CARTE_INSTRUCTION>
                </INSTRUCTION_LIST_ITEM>
              </INSTRUCTION_LIST>
            </SHOM_BASE_NOTICE>
          </SECTION_CONTENT_LIST_ITEM>
          <SECTION_CONTENT_LIST_ITEM>
            <SHOM_BASE_NOTICE>
              <NA_ETUDE/>
              <SHOM_PUB_ID_NUMBER>265</SHOM_PUB_ID_NUMBER>
              <SHOM_COUNTRY>CANADA</SHOM_COUNTRY>
              <SHOM_REGION_LISTE>
                <SHOM_REGION>Côte Est du Labrador. Au NE de Cape Makkovik</SHOM_REGION>
              </SHOM_REGION_LISTE>
              <SHOM_THEME_LIST>
                <SHOM_THEME>Bouée océanographique</SHOM_THEME>
              </SHOM_THEME_LIST>
              <SHOM_SOURCE_LIST>
                <SHOM_SOURCE>
                  <SHOM_ORGANISME>Taunton</SHOM_ORGANISME>
                  <SHOM_REFERENCE_SOURCE>17-6076</SHOM_REFERENCE_SOURCE>
                </SHOM_SOURCE>
              </SHOM_SOURCE_LIST>
              <INSTRUCTION_LIST>
                <INSTRUCTION_LIST_ITEM>
                  <SHOM_CARTE_INSTRUCTION>
                    <SHOM_NUM_CARTE>6015</SHOM_NUM_CARTE>
                    <SHOM_ACTION_INSTRUCTION>Rayer</SHOM_ACTION_INSTRUCTION>
                    <SHOM_OBJET_INSTRUCTION>bouée immergée</SHOM_OBJET_INSTRUCTION>
                    <SHOM_LISTE_POSITIONS>
                      <SHOM_POSITION>
                        <SHOM_LATITUDE>55 36 N</SHOM_LATITUDE>
                        <SHOM_LONGITUDE>057 45 W</SHOM_LONGITUDE>
                      </SHOM_POSITION>
                    </SHOM_LISTE_POSITIONS>
                  </SHOM_CARTE_INSTRUCTION>
                </INSTRUCTION_LIST_ITEM>
              </INSTRUCTION_LIST>
            </SHOM_BASE_NOTICE>
          </SECTION_CONTENT_LIST_ITEM>
        </SECTION_CONTENT_LIST>
      </SHOM_NOTICE_PUBLICATION_SECTION_CARTES>
    </SECTION_LIST_ITEM>
  </SECTION_LIST>
</SHOM_NOTICE_PUBLICATION>
