<?xml version="1.0" encoding="UTF-8"?>
<ntm_list xmlns:xsi="http://www.w3.org/2001/XMLSchema-instance">
  <ntm_list_print_date localdate="05.11.2019">2019-11-05</ntm_list_print_date>
  <sea_area>
    <sea_area_name>
      <name_fi>Suomenlahti</name_fi>
      <name_sv>Finska viken</name_sv>
      <name_en>Gulf of Finland</name_en>
    </sea_area_name>
    <notices>
      <notice>
        <notice_status>PUBLISHED</notice_status>
        <notice_id>3880</notice_id>
        <notice_type>NORMAL</notice_type>
        <notice_original>1</notice_original>
        <notice_number>248</notice_number>
        <notice_year>2019</notice_year>
        <notice_date_published>2019-10-31</notice_date_published>
        <products>
          <product>
            <product_edition_id>1790</product_edition_id>
            <product_name>18</product_name>
            <product_edition>10</product_edition>
            <product_int_num>(INT 1250) </product_int_num>
            <product_extended>0</product_extended>
            <product_corrected_date>2017-09-20</product_corrected_date>
            <prod_last_corr>
              <last_corr_number>236</last_corr_number>
              <last_corr_type>NORMAL</last_corr_type>
              <last_corr_year>2019</last_corr_year>
            </prod_last_corr>
            <charts>
              <chart>
                <chart_name>18</chart_name>
              </chart>
            </charts>
          </product>
          <product>
            <product_edition_id>1711</product_edition_id>
            <product_name>191</product_name>
            <product_edition>4</product_edition>
            <product_int_num>(INT 1159) </product_int_num>
            <product_extended>0</product_extended>
            <product_corrected_date>2017-06-10</product_corrected_date>
            <prod_last_corr>
              <last_corr_number>157</last_corr_number>
              <last_corr_type>NORMAL</last_corr_type>
              <last_corr_year>2019</last_corr_year>
            </prod_last_corr>
            <charts>
              <chart>
                <chart_name>191</chart_name>
              </chart>
            </charts>
          </product>
          <product>
            <product_edition_id>1282</product_edition_id>
            <product_name>A</product_name>
            <product_edition>2016</product_edition>
            <product_int_num/>
            <product_extended>0</product_extended>
            <product_corrected_date/>
            <prod_last_corr>
              <last_corr_number>236</last_corr_number>
              <last_corr_type>NORMAL</last_corr_type>
              <last_corr_year>2019</last_corr_year>
            </prod_last_corr>
            <charts>
              <chart>
                <chart_name>A626</chart_name>
              </chart>
              <chart>
                <chart_name>A626.2</chart_name>
              </chart>
            </charts>
          </product>
          <product>
            <product_edition_id>1138</product_edition_id>
            <product_name>B</product_name>
            <product_edition>2015</product_edition>
            <product_int_num/>
            <product_extended>0</product_extended>
            <product_corrected_date/>
            <prod_last_corr>
              <last_corr_number>236</last_corr_number>
              <last_corr_type>NORMAL</last_corr_type>
              <last_corr_year>2019</last_corr_year>
            </prod_last_corr>
            <charts>
              <chart>
                <chart_name>B626</chart_name>
              </chart>
              <chart>
                <chart_name>B626.2</chart_name>
              </chart>
            </charts>
          </product>
        </products>
        <notice_header>
          <name_fi>Suomi. Suomenlahti. Helsinki. Koirasaari. Poistetut erikoismerkit. Turvalaitteet</name_fi>
          <name_sv>Finland. Finska viken. Helsingfors. Hundholmen. Indragna specialmärken. Säkerhetsanordningar</name_sv>
          <name_en>Finland. Gulf of Finland. Helsinki. Koirasaari. Withdrawn special marks. Buoyage</name_en>
        </notice_header>
        <notice_cancels>
          <notice_number>156</notice_number>
          <notice_type>TEMPORARY</notice_type>
          <notice_year>2019</notice_year>
          <notice_status>CANCELED</notice_status>
        </notice_cancels>
        <notice_validity>
          <text_fi/>
          <text_sv/>
          <text_en/>
        </notice_validity>
        <notice_source>Traficom, Helsinki/Helsingfors 2019</notice_source>
        <contents>
          <content>
            <order_number>1</order_number>
            <content_number>8433</content_number>
            <content_type>C</content_type>
            <charts>
              <chart>
                <chart_name>18</chart_name>
              </chart>
              <chart>
                <chart_name>191</chart_name>
              </chart>
              <chart>
                <chart_name>A626</chart_name>
              </chart>
              <chart>
                <chart_name>A626.2</chart_name>
              </chart>
              <chart>
                <chart_name>B626</chart_name>
              </chart>
              <chart>
                <chart_name>B626.2</chart_name>
              </chart>
            </charts>
            <content_data>
              <content_chartcorrection>
                <chartcorrection_action>
                  <text_fi>Poista</text_fi>
                  <text_sv>Stryk</text_sv>
                  <text_en>Delete</text_en>
                </chartcorrection_action>
                <chartcorrection_firstrow>
                  <chartcorrection_objectA>601</chartcorrection_objectA>
                  <chartcorrection_objectB/>
                  <chartcorrection_row_note>
                    <text_fi/>
                    <text_sv/>
                    <text_en/>
                  </chartcorrection_row_note>
                </chartcorrection_firstrow>
                <chartcorrection_positions>
                  <notice_position>
                    <order_number>1</order_number>
                    <description>85351</description>
                    <lat degrees="60" minutes="09.560">60,15933</lat>
                    <lon degrees="25" minutes="00.796">25,01327</lon>
                  </notice_position>
                </chartcorrection_positions>
              </content_chartcorrection>
            </content_data>
          </content>
          <content>
            <order_number>2</order_number>
            <content_number>8432</content_number>
            <content_type>C</content_type>
            <charts>
              <chart>
                <chart_name>18</chart_name>
              </chart>
              <chart>
                <chart_name>191</chart_name>
              </chart>
              <chart>
                <chart_name>A626</chart_name>
              </chart>
              <chart>
                <chart_name>A626.2</chart_name>
              </chart>
              <chart>
                <chart_name>B626</chart_name>
              </chart>
              <chart>
                <chart_name>B626.2</chart_name>
              </chart>
            </charts>
            <content_data>
              <content_chartcorrection>
                <chartcorrection_action>
                  <text_fi>Poista</text_fi>
                  <text_sv>Stryk</text_sv>
                  <text_en>Delete</text_en>
                </chartcorrection_action>
                <chartcorrection_firstrow>
                  <chartcorrection_objectA>601</chartcorrection_objectA>
                  <chartcorrection_objectB/>
                  <chartcorrection_row_note>
                    <text_fi/>
                    <text_sv/>
                    <text_en/>
                  </chartcorrection_row_note>
                </chartcorrection_firstrow>
                <chartcorrection_positions>
                  <notice_position>
                    <order_number>1</order_number>
                    <description>85352</description>
                    <lat degrees="60" minutes="09.533">60,15888</lat>
                    <lon degrees="25" minutes="00.962">25,01603</lon>
                  </notice_position>
                </chartcorrection_positions>
              </content_chartcorrection>
            </content_data>
          </content>
          <content>
            <order_number>3</order_number>
            <content_number>8434</content_number>
            <content_type>I</content_type>
            <charts/>
            <content_data>
              <content_image>8434</content_image>
            </content_data>
          </content>
        </contents>
      </notice>
    </notices>
  </sea_area>
  <sea_area>
    <sea_area_name>
      <name_fi>Saaristomeri</name_fi>
      <name_sv>Skärgårdshavet</name_sv>
      <name_en>Archipelago Sea</name_en>
    </sea_area_name>
    <notices>
      <notice>
        <notice_status>PUBLISHED</notice_status>
        <notice_id>3844</notice_id>
        <notice_type>NORMAL</notice_type>
        <notice_original>1</notice_original>
        <notice_number>249</notice_number>
        <notice_year>2019</notice_year>
        <notice_date_published>2019-10-31</notice_date_published>
        <products>
          <product>
            <product_edition_id>1691</product_edition_id>
            <product_name>26</product_name>
            <product_edition>8</product_edition>
            <product_int_num>(INT 1189) </product_int_num>
            <product_extended>0</product_extended>
            <product_corrected_date>2017-05-10</product_corrected_date>
            <prod_last_corr>
              <last_corr_number>213</last_corr_number>
              <last_corr_type>NORMAL</last_corr_type>
              <last_corr_year>2019</last_corr_year>
            </prod_last_corr>
            <charts>
              <chart>
                <chart_name>26</chart_name>
              </chart>
            </charts>
          </product>
          <product>
            <product_edition_id>1694</product_edition_id>
            <product_name>37</product_name>
            <product_edition>2</product_edition>
            <product_int_num>(INT 1198) </product_int_num>
            <product_extended>0</product_extended>
            <product_corrected_date>2017-05-10</product_corrected_date>
            <prod_last_corr>
              <last_corr_number>222</last_corr_number>
              <last_corr_type>NORMAL</last_corr_type>
              <last_corr_year>2019</last_corr_year>
            </prod_last_corr>
            <charts>
              <chart>
                <chart_name>37</chart_name>
              </chart>
            </charts>
          </product>
          <product>
            <product_edition_id>1909</product_edition_id>
            <product_name>D</product_name>
            <product_edition>2018</product_edition>
            <product_int_num/>
            <product_extended>0</product_extended>
            <product_corrected_date>2018-02-28</product_corrected_date>
            <prod_last_corr>
              <last_corr_number>222</last_corr_number>
              <last_corr_type>NORMAL</last_corr_type>
              <last_corr_year>2019</last_corr_year>
            </prod_last_corr>
            <charts>
              <chart>
                <chart_name>D719</chart_name>
              </chart>
            </charts>
          </product>
        </products>
        <notice_header>
          <name_fi>Suomi. Saaristomeri. Rymättylä. Kotakari. Syvyystiedot</name_fi>
          <name_sv>Finland. Skärgårdshavet. Rimito. Kotakari. Djup</name_sv>
          <name_en>Finland. Archipelago Sea. Rymättylä. Kotakari. Depths</name_en>
        </notice_header>
        <notice_validity>
          <text_fi/>
          <text_sv/>
          <text_en/>
        </notice_validity>
        <notice_source>Traficom, Helsinki/Helsingfors 2019</notice_source>
        <contents>
          <content>
            <order_number>1</order_number>
            <content_number>8387</content_number>
            <content_type>C</content_type>
            <charts>
              <chart>
                <chart_name>26</chart_name>
              </chart>
              <chart>
                <chart_name>37</chart_name>
              </chart>
              <chart>
                <chart_name>D719</chart_name>
              </chart>
            </charts>
            <content_data>
              <content_chartcorrection>
                <chartcorrection_action>
                  <text_fi>Lisää</text_fi>
                  <text_sv>Inför</text_sv>
                  <text_en>Add</text_en>
                </chartcorrection_action>
                <chartcorrection_firstrow>
                  <chartcorrection_objectA>65</chartcorrection_objectA>
                  <chartcorrection_objectB/>
                  <chartcorrection_row_note>
                    <text_fi>Korjaa 3 m syvyyskäyrä</text_fi>
                    <text_sv>Korrigera 3 m djupkurva</text_sv>
                    <text_en>Correct 3 m depth contour</text_en>
                  </chartcorrection_row_note>
                </chartcorrection_firstrow>
                <chartcorrection_positions>
                  <notice_position>
                    <order_number>1</order_number>
                    <description/>
                    <lat degrees="60" minutes="20.063">60,33438</lat>
                    <lon degrees="21" minutes="41.808">21,6968</lon>
                  </notice_position>
                </chartcorrection_positions>
              </content_chartcorrection>
            </content_data>
          </content>
          <content>
            <order_number>2</order_number>
            <content_number>8390</content_number>
            <content_type>I</content_type>
            <charts/>
            <content_data>
              <content_image>8390</content_image>
            </content_data>
          </content>
        </contents>
      </notice>
    </notices>
  </sea_area>
  <sea_area>
    <sea_area_name>
      <name_fi>Ahvenanmeri</name_fi>
      <name_sv>Ålands hav</name_sv>
      <name_en>Aland Sea</name_en>
    </sea_area_name>
    <notices/>
  </sea_area>
  <sea_area>
    <sea_area_name>
      <name_fi>Selkämeri</name_fi>
      <name_sv>Bottenhavet</name_sv>
      <name_en>Bothnian Sea</name_en>
    </sea_area_name>
    <notices/>
  </sea_area>
  <sea_area>
    <sea_area_name>
      <name_fi>Merenkurkku</name_fi>
      <name_sv>Kvarken</name_sv>
      <name_en>The Quark</name_en>
    </sea_area_name>
    <notices/>
  </sea_area>
  <sea_area>
    <sea_area_name>
      <name_fi>Perämeri</name_fi>
      <name_sv>Bottenviken</name_sv>
      <name_en>Bay of Bothnia</name_en>
    </sea_area_name>
    <notices>
      <notice>
        <notice_status>PUBLISHED</notice_status>
        <notice_id>3881</notice_id>
        <notice_type>NORMAL</notice_type>
        <notice_original>1</notice_original>
        <notice_number>250</notice_number>
        <notice_year>2019</notice_year>
        <notice_date_published>2019-10-31</notice_date_published>
        <products>
          <product>
            <product_edition_id>1354</product_edition_id>
            <product_name>52</product_name>
            <product_edition>4</product_edition>
            <product_int_num>(INT 1143) </product_int_num>
            <product_extended>0</product_extended>
            <product_corrected_date>2016-06-10</product_corrected_date>
            <prod_last_corr>
              <last_corr_number>215</last_corr_number>
              <last_corr_type>NORMAL</last_corr_type>
              <last_corr_year>2019</last_corr_year>
            </prod_last_corr>
            <charts>
              <chart>
                <chart_name>52</chart_name>
              </chart>
            </charts>
          </product>
          <product>
            <product_edition_id>776</product_edition_id>
            <product_name>117</product_name>
            <product_edition>1</product_edition>
            <product_int_num/>
            <product_extended>0</product_extended>
            <product_corrected_date/>
            <prod_last_corr>
              <last_corr_number>215</last_corr_number>
              <last_corr_type>NORMAL</last_corr_type>
              <last_corr_year>2019</last_corr_year>
            </prod_last_corr>
            <charts>
              <chart>
                <chart_name>117.A</chart_name>
              </chart>
            </charts>
          </product>
          <product>
            <product_edition_id>1651</product_edition_id>
            <product_name>F</product_name>
            <product_edition>2017</product_edition>
            <product_int_num/>
            <product_extended>0</product_extended>
            <product_corrected_date>2017-03-20</product_corrected_date>
            <prod_last_corr>
              <last_corr_number>238</last_corr_number>
              <last_corr_type>NORMAL</last_corr_type>
              <last_corr_year>2019</last_corr_year>
            </prod_last_corr>
            <charts>
              <chart>
                <chart_name>F832</chart_name>
              </chart>
              <chart>
                <chart_name>F833</chart_name>
              </chart>
              <chart>
                <chart_name>F833.2</chart_name>
              </chart>
            </charts>
          </product>
        </products>
        <notice_header>
          <name_fi>Suomi. Perämeri. Kokkola. Syvyystiedot. Turvalaitteet. Väyläalueet</name_fi>
          <name_sv>Finland. Bottenviken. Karleby. Djup. Säkerhetsanordningar. Farledsområden</name_sv>
          <name_en>Finland. Bay of Bothnia. Kokkola. Depths. Buoyage. Fairway areas</name_en>
        </notice_header>
        <notice_references>
          <notice_number>101</notice_number>
          <notice_type>TEMPORARY</notice_type>
          <notice_year>2019</notice_year>
          <notice_status>PUBLISHED</notice_status>
        </notice_references>
        <notice_validity>
          <text_fi/>
          <text_sv/>
          <text_en/>
        </notice_validity>
        <notice_source>Traficom, Helsinki/Helsingfors 2019</notice_source>
        <contents>
          <content>
            <order_number>1</order_number>
            <content_number>8435</content_number>
            <content_type>C</content_type>
            <charts>
              <chart>
                <chart_name>52</chart_name>
              </chart>
              <chart>
                <chart_name>117.A</chart_name>
              </chart>
              <chart>
                <chart_name>F832</chart_name>
              </chart>
              <chart>
                <chart_name>F833</chart_name>
              </chart>
            </charts>
            <content_data>
              <content_chartcorrection>
                <chartcorrection_action>
                  <text_fi>Lisää</text_fi>
                  <text_sv>Inför</text_sv>
                  <text_en>Add</text_en>
                </chartcorrection_action>
                <chartcorrection_firstrow>
                  <chartcorrection_objectA>140</chartcorrection_objectA>
                  <chartcorrection_objectB/>
                  <chartcorrection_row_note>
                    <text_fi/>
                    <text_sv/>
                    <text_en/>
                  </chartcorrection_row_note>
                </chartcorrection_firstrow>
                <chartcorrection_positions>
                  <notice_position>
                    <order_number>1</order_number>
                    <description>85408</description>
                    <lat degrees="63" minutes="52.510">63,87517</lat>
                    <lon degrees="23" minutes="00.128">23,00213</lon>
                  </notice_position>
                </chartcorrection_positions>
              </content_chartcorrection>
            </content_data>
          </content>
          <content>
            <order_number>2</order_number>
            <content_number>8436</content_number>
            <content_type>C</content_type>
            <charts>
              <chart>
                <chart_name>52</chart_name>
              </chart>
              <chart>
                <chart_name>117.A</chart_name>
              </chart>
              <chart>
                <chart_name>F832</chart_name>
              </chart>
              <chart>
                <chart_name>F833</chart_name>
              </chart>
            </charts>
            <content_data>
              <content_chartcorrection>
                <chartcorrection_action>
                  <text_fi>Lisää</text_fi>
                  <text_sv>Inför</text_sv>
                  <text_en>Add</text_en>
                </chartcorrection_action>
                <chartcorrection_firstrow>
                  <chartcorrection_objectA>142</chartcorrection_objectA>
                  <chartcorrection_objectB/>
                  <chartcorrection_row_note>
                    <text_fi/>
                    <text_sv/>
                    <text_en/>
                  </chartcorrection_row_note>
                </chartcorrection_firstrow>
                <chartcorrection_positions>
                  <notice_position>
                    <order_number>1</order_number>
                    <description>85407</description>
                    <lat degrees="63" minutes="52.277">63,87128</lat>
                    <lon degrees="22" minutes="59.872">22,99787</lon>
                  </notice_position>
                </chartcorrection_positions>
              </content_chartcorrection>
            </content_data>
          </content>
          <content>
            <order_number>3</order_number>
            <content_number>8437</content_number>
            <content_type>C</content_type>
            <charts>
              <chart>
                <chart_name>52</chart_name>
              </chart>
              <chart>
                <chart_name>117.A</chart_name>
              </chart>
              <chart>
                <chart_name>F832</chart_name>
              </chart>
              <chart>
                <chart_name>F833</chart_name>
              </chart>
            </charts>
            <content_data>
              <content_chartcorrection>
                <chartcorrection_action>
                  <text_fi>Siirrä</text_fi>
                  <text_sv>Flytta</text_sv>
                  <text_en>Move</text_en>
                </chartcorrection_action>
                <chartcorrection_firstrow>
                  <chartcorrection_objectA>244</chartcorrection_objectA>
                  <chartcorrection_objectB/>
                  <chartcorrection_row_note>
                    <text_fi/>
                    <text_sv/>
                    <text_en/>
                  </chartcorrection_row_note>
                </chartcorrection_firstrow>
                <chartcorrection_positions>
                  <notice_position>
                    <order_number>1</order_number>
                    <description/>
                    <lat degrees="63" minutes="52.280">63,87133</lat>
                    <lon degrees="23" minutes="00.566">23,00943</lon>
                  </notice_position>
                  <notice_position>
                    <order_number>2</order_number>
                    <description>44793</description>
                    <lat degrees="63" minutes="52.543">63,87572</lat>
                    <lon degrees="23" minutes="00.361">23,00602</lon>
                  </notice_position>
                </chartcorrection_positions>
              </content_chartcorrection>
            </content_data>
          </content>
          <content>
            <order_number>4</order_number>
            <content_number>8439</content_number>
            <content_type>C</content_type>
            <charts>
              <chart>
                <chart_name>52</chart_name>
              </chart>
              <chart>
                <chart_name>117.A</chart_name>
              </chart>
              <chart>
                <chart_name>F832</chart_name>
              </chart>
              <chart>
                <chart_name>F833</chart_name>
              </chart>
            </charts>
            <content_data>
              <content_chartcorrection>
                <chartcorrection_action>
                  <text_fi>Poista</text_fi>
                  <text_sv>Stryk</text_sv>
                  <text_en>Delete</text_en>
                </chartcorrection_action>
                <chartcorrection_firstrow>
                  <chartcorrection_objectA>2507</chartcorrection_objectA>
                  <chartcorrection_objectB/>
                  <chartcorrection_row_note>
                    <text_fi/>
                    <text_sv/>
                    <text_en/>
                  </chartcorrection_row_note>
                </chartcorrection_firstrow>
                <chartcorrection_positions>
                  <notice_position>
                    <order_number>1</order_number>
                    <description/>
                    <lat degrees="63" minutes="52.26">63,871</lat>
                    <lon degrees="23" minutes="00.67">23,01117</lon>
                  </notice_position>
                </chartcorrection_positions>
              </content_chartcorrection>
            </content_data>
          </content>
          <content>
            <order_number>5</order_number>
            <content_number>8438</content_number>
            <content_type>C</content_type>
            <charts>
              <chart>
                <chart_name>52</chart_name>
              </chart>
              <chart>
                <chart_name>117.A</chart_name>
              </chart>
              <chart>
                <chart_name>F832</chart_name>
              </chart>
              <chart>
                <chart_name>F833</chart_name>
              </chart>
              <chart>
                <chart_name>F833.2</chart_name>
              </chart>
            </charts>
            <content_data>
              <content_chartcorrection>
                <chartcorrection_action>
                  <text_fi>Poista</text_fi>
                  <text_sv>Stryk</text_sv>
                  <text_en>Delete</text_en>
                </chartcorrection_action>
                <chartcorrection_firstrow>
                  <chartcorrection_objectA>2508</chartcorrection_objectA>
                  <chartcorrection_objectB/>
                  <chartcorrection_row_note>
                    <text_fi/>
                    <text_sv/>
                    <text_en/>
                  </chartcorrection_row_note>
                </chartcorrection_firstrow>
                <chartcorrection_positions>
                  <notice_position>
                    <order_number>1</order_number>
                    <description/>
                    <lat degrees="63" minutes="52.16">63,86933</lat>
                    <lon degrees="23" minutes="00.82">23,01367</lon>
                  </notice_position>
                </chartcorrection_positions>
              </content_chartcorrection>
            </content_data>
          </content>
          <content>
            <order_number>6</order_number>
            <content_number>8442</content_number>
            <content_type>C</content_type>
            <charts>
              <chart>
                <chart_name>52</chart_name>
              </chart>
              <chart>
                <chart_name>117.A</chart_name>
              </chart>
              <chart>
                <chart_name>F832</chart_name>
              </chart>
              <chart>
                <chart_name>F833</chart_name>
              </chart>
              <chart>
                <chart_name>F833.2</chart_name>
              </chart>
            </charts>
            <content_data>
              <content_chartcorrection>
                <chartcorrection_action>
                  <text_fi>Lisää</text_fi>
                  <text_sv>Inför</text_sv>
                  <text_en>Add</text_en>
                </chartcorrection_action>
                <chartcorrection_firstrow>
                  <chartcorrection_objectA>203</chartcorrection_objectA>
                  <chartcorrection_objectB/>
                  <chartcorrection_row_note>
                    <text_fi>Väyläalueen reunalinja pisteiden välille:</text_fi>
                    <text_sv>Farledsområdets begränsningslinje mellan 
positionerna:</text_sv>
                    <text_en>Fairway area edge line between positions:</text_en>
                  </chartcorrection_row_note>
                </chartcorrection_firstrow>
                <chartcorrection_textrow>
                  <chartcorrection_textA/>
                  <chartcorrection_textB/>
                  <chartcorrection_row_note>
                    <text_fi>Poista vanha reunalinja</text_fi>
                    <text_sv>Stryk den tidigare begränsningslinjen</text_sv>
                    <text_en>Delete former edge line</text_en>
                  </chartcorrection_row_note>
                </chartcorrection_textrow>
                <chartcorrection_textrow>
                  <chartcorrection_textA/>
                  <chartcorrection_textB/>
                  <chartcorrection_row_note>
                    <text_fi>Lisää väyläalueen rasterointi</text_fi>
                    <text_sv>Inför rastrering i farledsområdet</text_sv>
                    <text_en>Insert grey tint in fairway area</text_en>
                  </chartcorrection_row_note>
                </chartcorrection_textrow>
                <chartcorrection_positions>
                  <notice_position>
                    <order_number>1</order_number>
                    <description/>
                    <lat degrees="63" minutes="52.543">63,87572</lat>
                    <lon degrees="23" minutes="00.361">23,00602</lon>
                  </notice_position>
                  <notice_position>
                    <order_number>2</order_number>
                    <description/>
                    <lat degrees="63" minutes="51.998">63,86663</lat>
                    <lon degrees="23" minutes="01.063">23,01772</lon>
                  </notice_position>
                </chartcorrection_positions>
              </content_chartcorrection>
            </content_data>
          </content>
          <content>
            <order_number>7</order_number>
            <content_number>8444</content_number>
            <content_type>T</content_type>
            <charts/>
            <content_data>
              <content_text>
                <text_fi>Ankkurointikieltoalue säilyy ennallaan.</text_fi>
                <text_sv>Ankringsförbudsområdet bevaras oförändrat.</text_sv>
                <text_en>The prohibited anchorage area will remain unchanged.</text_en>
              </content_text>
            </content_data>
          </content>
          <content>
            <order_number>8</order_number>
            <content_number>8445</content_number>
            <content_type>I</content_type>
            <charts/>
            <content_data>
              <content_image>8445</content_image>
            </content_data>
          </content>
        </contents>
      </notice>
    </notices>
  </sea_area>
  <sea_area>
    <sea_area_name>
      <name_fi>Vuoksen vesistö</name_fi>
      <name_sv>Vuoksens vattendrag</name_sv>
      <name_en>Vuoksi watercourse</name_en>
    </sea_area_name>
    <notices>
      <notice>
        <notice_status>PUBLISHED</notice_status>
        <notice_id>3863</notice_id>
        <notice_type>NORMAL</notice_type>
        <notice_original>1</notice_original>
        <notice_number>251</notice_number>
        <notice_year>2019</notice_year>
        <notice_date_published>2019-10-31</notice_date_published>
        <products>
          <product>
            <product_edition_id>1244</product_edition_id>
            <product_name>M</product_name>
            <product_edition>2016</product_edition>
            <product_int_num/>
            <product_extended>0</product_extended>
            <product_corrected_date/>
            <prod_last_corr>
              <last_corr_number>244</last_corr_number>
              <last_corr_type>NORMAL</last_corr_type>
              <last_corr_year>2019</last_corr_year>
            </prod_last_corr>
            <charts>
              <chart>
                <chart_name>M226</chart_name>
              </chart>
            </charts>
          </product>
          <product>
            <product_edition_id>443</product_edition_id>
            <product_name>V</product_name>
            <product_edition>2011</product_edition>
            <product_int_num/>
            <product_extended>0</product_extended>
            <product_corrected_date/>
            <prod_last_corr>
              <last_corr_number>244</last_corr_number>
              <last_corr_type>NORMAL</last_corr_type>
              <last_corr_year>2019</last_corr_year>
            </prod_last_corr>
            <charts>
              <chart>
                <chart_name>V226</chart_name>
              </chart>
            </charts>
          </product>
        </products>
        <notice_header>
          <name_fi>Suomi. Vuoksen vesistö. Rantasalmi. Kaitasaari. Syvyystiedot</name_fi>
          <name_sv>Finland. Vuoksens vattendrag. Rantasalmi. Kaitasaari. Djup</name_sv>
          <name_en>Finland. Vuoksi watercourse. Rantasalmi. Kaitasaari. Depths</name_en>
        </notice_header>
        <notice_validity>
          <text_fi/>
          <text_sv/>
          <text_en/>
        </notice_validity>
        <notice_source>Traficom, Helsinki/Helsingfors 2019</notice_source>
        <contents>
          <content>
            <order_number>1</order_number>
            <content_number>8401</content_number>
            <content_type>C</content_type>
            <charts>
              <chart>
                <chart_name>M226</chart_name>
              </chart>
              <chart>
                <chart_name>V226</chart_name>
              </chart>
            </charts>
            <content_data>
              <content_chartcorrection>
                <chartcorrection_action>
                  <text_fi>Lisää</text_fi>
                  <text_sv>Inför</text_sv>
                  <text_en>Add</text_en>
                </chartcorrection_action>
                <chartcorrection_firstrow>
                  <chartcorrection_objectA>8</chartcorrection_objectA>
                  <chartcorrection_objectB/>
                  <chartcorrection_row_note>
                    <text_fi>Korjaa 6 m syvyyskäyrä</text_fi>
                    <text_sv>Korrigera 6 m djupkurva</text_sv>
                    <text_en>Correct 6 m depth contour</text_en>
                  </chartcorrection_row_note>
                </chartcorrection_firstrow>
                <chartcorrection_positions>
                  <notice_position>
                    <order_number>1</order_number>
                    <description/>
                    <lat degrees="62" minutes="01.02">62,017</lat>
                    <lon degrees="28" minutes="32.90">28,54833</lon>
                  </notice_position>
                </chartcorrection_positions>
              </content_chartcorrection>
            </content_data>
          </content>
          <content>
            <order_number>2</order_number>
            <content_number>8415</content_number>
            <content_type>C</content_type>
            <charts>
              <chart>
                <chart_name>M226</chart_name>
              </chart>
              <chart>
                <chart_name>V226</chart_name>
              </chart>
            </charts>
            <content_data>
              <content_chartcorrection>
                <chartcorrection_action>
                  <text_fi>Lisää</text_fi>
                  <text_sv>Inför</text_sv>
                  <text_en>Add</text_en>
                </chartcorrection_action>
                <chartcorrection_firstrow>
                  <chartcorrection_objectA>10</chartcorrection_objectA>
                  <chartcorrection_objectB/>
                  <chartcorrection_row_note>
                    <text_fi>Korjaa 6 m syvyyskäyrä</text_fi>
                    <text_sv>Korrigera 6 m djupkurva</text_sv>
                    <text_en>Correct 6 m depth contour</text_en>
                  </chartcorrection_row_note>
                </chartcorrection_firstrow>
                <chartcorrection_positions>
                  <notice_position>
                    <order_number>1</order_number>
                    <description/>
                    <lat degrees="62" minutes="01.02">62,017</lat>
                    <lon degrees="28" minutes="33.36">28,556</lon>
                  </notice_position>
                </chartcorrection_positions>
              </content_chartcorrection>
            </content_data>
          </content>
          <content>
            <order_number>3</order_number>
            <content_number>8402</content_number>
            <content_type>I</content_type>
            <charts/>
            <content_data>
              <content_image>8402</content_image>
            </content_data>
          </content>
        </contents>
      </notice>
      <notice>
        <notice_status>PUBLISHED</notice_status>
        <notice_id>3846</notice_id>
        <notice_type>NORMAL</notice_type>
        <notice_original>1</notice_original>
        <notice_number>252</notice_number>
        <notice_year>2019</notice_year>
        <notice_date_published>2019-10-31</notice_date_published>
        <products>
          <product>
            <product_edition_id>1244</product_edition_id>
            <product_name>M</product_name>
            <product_edition>2016</product_edition>
            <product_int_num/>
            <product_extended>0</product_extended>
            <product_corrected_date/>
            <prod_last_corr>
              <last_corr_number>251</last_corr_number>
              <last_corr_type>NORMAL</last_corr_type>
              <last_corr_year>2019</last_corr_year>
            </prod_last_corr>
            <charts>
              <chart>
                <chart_name>M226</chart_name>
              </chart>
            </charts>
          </product>
          <product>
            <product_edition_id>443</product_edition_id>
            <product_name>V</product_name>
            <product_edition>2011</product_edition>
            <product_int_num/>
            <product_extended>0</product_extended>
            <product_corrected_date/>
            <prod_last_corr>
              <last_corr_number>251</last_corr_number>
              <last_corr_type>NORMAL</last_corr_type>
              <last_corr_year>2019</last_corr_year>
            </prod_last_corr>
            <charts>
              <chart>
                <chart_name>V226</chart_name>
              </chart>
            </charts>
          </product>
        </products>
        <notice_header>
          <name_fi>Suomi. Vuoksen vesistö. Savonlinna. Petääsaari. Syvyystiedot</name_fi>
          <name_sv>Finland. Vuoksens vattendrag. Nyslott. Petääsaari. Djup</name_sv>
          <name_en>Finland. Vuoksi watercourse. Savonlinna. Petääsaari. Depths</name_en>
        </notice_header>
        <notice_validity>
          <text_fi/>
          <text_sv/>
          <text_en/>
        </notice_validity>
        <notice_source>Traficom, Helsinki/Helsingfors 2019</notice_source>
        <contents>
          <content>
            <order_number>1</order_number>
            <content_number>8412</content_number>
            <content_type>C</content_type>
            <charts>
              <chart>
                <chart_name>M226</chart_name>
              </chart>
              <chart>
                <chart_name>V226</chart_name>
              </chart>
            </charts>
            <content_data>
              <content_chartcorrection>
                <chartcorrection_action>
                  <text_fi>Lisää</text_fi>
                  <text_sv>Inför</text_sv>
                  <text_en>Add</text_en>
                </chartcorrection_action>
                <chartcorrection_firstrow>
                  <chartcorrection_objectA>323</chartcorrection_objectA>
                  <chartcorrection_objectB/>
                  <chartcorrection_row_note>
                    <text_fi>Korjaa 6 m syvyyskäyrä</text_fi>
                    <text_sv>Korrigera 6 m djupkurva</text_sv>
                    <text_en>Correct 6 m depth contour</text_en>
                  </chartcorrection_row_note>
                </chartcorrection_firstrow>
                <chartcorrection_positions>
                  <notice_position>
                    <order_number>1</order_number>
                    <description/>
                    <lat degrees="61" minutes="59.27">61,98783</lat>
                    <lon degrees="28" minutes="41.00">28,68333</lon>
                  </notice_position>
                </chartcorrection_positions>
              </content_chartcorrection>
            </content_data>
          </content>
          <content>
            <order_number>2</order_number>
            <content_number>8413</content_number>
            <content_type>I</content_type>
            <charts/>
            <content_data>
              <content_image>8413</content_image>
            </content_data>
          </content>
        </contents>
      </notice>
      <notice>
        <notice_status>PUBLISHED</notice_status>
        <notice_id>3845</notice_id>
        <notice_type>NORMAL</notice_type>
        <notice_original>1</notice_original>
        <notice_number>253</notice_number>
        <notice_year>2019</notice_year>
        <notice_date_published>2019-10-31</notice_date_published>
        <products>
          <product>
            <product_edition_id>1244</product_edition_id>
            <product_name>M</product_name>
            <product_edition>2016</product_edition>
            <product_int_num/>
            <product_extended>0</product_extended>
            <product_corrected_date/>
            <prod_last_corr>
              <last_corr_number>252</last_corr_number>
              <last_corr_type>NORMAL</last_corr_type>
              <last_corr_year>2019</last_corr_year>
            </prod_last_corr>
            <charts>
              <chart>
                <chart_name>M226</chart_name>
              </chart>
            </charts>
          </product>
          <product>
            <product_edition_id>443</product_edition_id>
            <product_name>V</product_name>
            <product_edition>2011</product_edition>
            <product_int_num/>
            <product_extended>0</product_extended>
            <product_corrected_date/>
            <prod_last_corr>
              <last_corr_number>252</last_corr_number>
              <last_corr_type>NORMAL</last_corr_type>
              <last_corr_year>2019</last_corr_year>
            </prod_last_corr>
            <charts>
              <chart>
                <chart_name>V226</chart_name>
              </chart>
            </charts>
          </product>
        </products>
        <notice_header>
          <name_fi>Suomi. Vuoksen vesistö. Rantasalmi. Kaitasaari. Syvyystiedot</name_fi>
          <name_sv>Finland. Vuoksens vattendrag. Rantasalmi. Kaitasaari. Djup</name_sv>
          <name_en>Finland. Vuoksi watercourse. Rantasalmi. Kaitasaari. Depths</name_en>
        </notice_header>
        <notice_validity>
          <text_fi/>
          <text_sv/>
          <text_en/>
        </notice_validity>
        <notice_source>Traficom, Helsinki/Helsingfors 2019</notice_source>
        <contents>
          <content>
            <order_number>1</order_number>
            <content_number>8388</content_number>
            <content_type>C</content_type>
            <charts>
              <chart>
                <chart_name>M226</chart_name>
              </chart>
              <chart>
                <chart_name>V226</chart_name>
              </chart>
            </charts>
            <content_data>
              <content_chartcorrection>
                <chartcorrection_action>
                  <text_fi>Lisää</text_fi>
                  <text_sv>Inför</text_sv>
                  <text_en>Add</text_en>
                </chartcorrection_action>
                <chartcorrection_firstrow>
                  <chartcorrection_objectA>6</chartcorrection_objectA>
                  <chartcorrection_objectB/>
                  <chartcorrection_row_note>
                    <text_fi>Korjaa syvyyskäyrät</text_fi>
                    <text_sv>Korrigera djupkurvor</text_sv>
                    <text_en>Correct depth contours</text_en>
                  </chartcorrection_row_note>
                </chartcorrection_firstrow>
                <chartcorrection_positions>
                  <notice_position>
                    <order_number>1</order_number>
                    <description/>
                    <lat degrees="62" minutes="00.87">62,0145</lat>
                    <lon degrees="28" minutes="32.35">28,53917</lon>
                  </notice_position>
                </chartcorrection_positions>
              </content_chartcorrection>
            </content_data>
          </content>
          <content>
            <order_number>2</order_number>
            <content_number>8389</content_number>
            <content_type>C</content_type>
            <charts>
              <chart>
                <chart_name>M226</chart_name>
              </chart>
              <chart>
                <chart_name>V226</chart_name>
              </chart>
            </charts>
            <content_data>
              <content_chartcorrection>
                <chartcorrection_action>
                  <text_fi>Lisää</text_fi>
                  <text_sv>Inför</text_sv>
                  <text_en>Add</text_en>
                </chartcorrection_action>
                <chartcorrection_firstrow>
                  <chartcorrection_objectA>1205</chartcorrection_objectA>
                  <chartcorrection_objectB/>
                  <chartcorrection_row_note>
                    <text_fi>Korjaa syvyyskäyrät</text_fi>
                    <text_sv>Korrigera djupkurvor</text_sv>
                    <text_en>Correct depth contours</text_en>
                  </chartcorrection_row_note>
                </chartcorrection_firstrow>
                <chartcorrection_positions>
                  <notice_position>
                    <order_number>1</order_number>
                    <description/>
                    <lat degrees="62" minutes="00.91">62,01517</lat>
                    <lon degrees="28" minutes="32.51">28,54183</lon>
                  </notice_position>
                </chartcorrection_positions>
              </content_chartcorrection>
            </content_data>
          </content>
          <content>
            <order_number>3</order_number>
            <content_number>8411</content_number>
            <content_type>I</content_type>
            <charts/>
            <content_data>
              <content_image>8411</content_image>
            </content_data>
          </content>
        </contents>
      </notice>
      <notice>
        <notice_status>PUBLISHED</notice_status>
        <notice_id>3862</notice_id>
        <notice_type>NORMAL</notice_type>
        <notice_original>1</notice_original>
        <notice_number>254</notice_number>
        <notice_year>2019</notice_year>
        <notice_date_published>2019-10-31</notice_date_published>
        <products>
          <product>
            <product_edition_id>1244</product_edition_id>
            <product_name>M</product_name>
            <product_edition>2016</product_edition>
            <product_int_num/>
            <product_extended>0</product_extended>
            <product_corrected_date/>
            <prod_last_corr>
              <last_corr_number>253</last_corr_number>
              <last_corr_type>NORMAL</last_corr_type>
              <last_corr_year>2019</last_corr_year>
            </prod_last_corr>
            <charts>
              <chart>
                <chart_name>M226</chart_name>
              </chart>
            </charts>
          </product>
          <product>
            <product_edition_id>443</product_edition_id>
            <product_name>V</product_name>
            <product_edition>2011</product_edition>
            <product_int_num/>
            <product_extended>0</product_extended>
            <product_corrected_date/>
            <prod_last_corr>
              <last_corr_number>253</last_corr_number>
              <last_corr_type>NORMAL</last_corr_type>
              <last_corr_year>2019</last_corr_year>
            </prod_last_corr>
            <charts>
              <chart>
                <chart_name>V226</chart_name>
              </chart>
            </charts>
          </product>
        </products>
        <notice_header>
          <name_fi>Suomi. Vuoksen vesistö. Rantasalmi. Pitkäniemi. Syvyystiedot</name_fi>
          <name_sv>Finland. Vuoksens vattendrag. Rantasalmi. Pitkäniemi. Djup</name_sv>
          <name_en>Finland. Vuoksi watercourse. Rantasalmi. Pitkäniemi. Depths</name_en>
        </notice_header>
        <notice_validity>
          <text_fi/>
          <text_sv/>
          <text_en/>
        </notice_validity>
        <notice_source>Traficom, Helsinki/Helsingfors 2019</notice_source>
        <contents>
          <content>
            <order_number>1</order_number>
            <content_number>8383</content_number>
            <content_type>C</content_type>
            <charts>
              <chart>
                <chart_name>M226</chart_name>
              </chart>
              <chart>
                <chart_name>V226</chart_name>
              </chart>
            </charts>
            <content_data>
              <content_chartcorrection>
                <chartcorrection_action>
                  <text_fi>Lisää</text_fi>
                  <text_sv>Inför</text_sv>
                  <text_en>Add</text_en>
                </chartcorrection_action>
                <chartcorrection_firstrow>
                  <chartcorrection_objectA>2488</chartcorrection_objectA>
                  <chartcorrection_objectB/>
                  <chartcorrection_row_note>
                    <text_fi>Korjaa 6 m syvyyskäyrä</text_fi>
                    <text_sv>Korrigera 6 m djupkurva</text_sv>
                    <text_en>Correct 6 m depth contour</text_en>
                  </chartcorrection_row_note>
                </chartcorrection_firstrow>
                <chartcorrection_positions>
                  <notice_position>
                    <order_number>1</order_number>
                    <description/>
                    <lat degrees="62" minutes="00.94">62,01567</lat>
                    <lon degrees="28" minutes="31.29">28,5215</lon>
                  </notice_position>
                </chartcorrection_positions>
              </content_chartcorrection>
            </content_data>
          </content>
          <content>
            <order_number>2</order_number>
            <content_number>8400</content_number>
            <content_type>I</content_type>
            <charts/>
            <content_data>
              <content_image>8400</content_image>
            </content_data>
          </content>
        </contents>
      </notice>
      <notice>
        <notice_status>PUBLISHED</notice_status>
        <notice_id>3847</notice_id>
        <notice_type>NORMAL</notice_type>
        <notice_original>1</notice_original>
        <notice_number>255</notice_number>
        <notice_year>2019</notice_year>
        <notice_date_published>2019-10-31</notice_date_published>
        <products>
          <product>
            <product_edition_id>1244</product_edition_id>
            <product_name>M</product_name>
            <product_edition>2016</product_edition>
            <product_int_num/>
            <product_extended>0</product_extended>
            <product_corrected_date/>
            <prod_last_corr>
              <last_corr_number>254</last_corr_number>
              <last_corr_type>NORMAL</last_corr_type>
              <last_corr_year>2019</last_corr_year>
            </prod_last_corr>
            <charts>
              <chart>
                <chart_name>M232</chart_name>
              </chart>
            </charts>
          </product>
        </products>
        <notice_header>
          <name_fi>Suomi. Vuoksen vesistö. Leppävirta. Arkkusalmi. Kaapelit ja johdot</name_fi>
          <name_sv>Finland. Vuoksens vattendrag. Leppävirta. Arkkusalmi. Kablar och rörledningar</name_sv>
          <name_en>Finland. Vuoksi watercourse. Leppävirta. Arkkusalmi. Cables and pipelines</name_en>
        </notice_header>
        <notice_validity>
          <text_fi/>
          <text_sv/>
          <text_en/>
        </notice_validity>
        <notice_source>Traficom, Helsinki/Helsingfors 2019</notice_source>
        <contents>
          <content>
            <order_number>1</order_number>
            <content_number>8414</content_number>
            <content_type>C</content_type>
            <charts>
              <chart>
                <chart_name>M232</chart_name>
              </chart>
            </charts>
            <content_data>
              <content_chartcorrection>
                <chartcorrection_action>
                  <text_fi>Poista</text_fi>
                  <text_sv>Stryk</text_sv>
                  <text_en>Delete</text_en>
                </chartcorrection_action>
                <chartcorrection_firstrow>
                  <chartcorrection_objectA>81</chartcorrection_objectA>
                  <chartcorrection_objectB/>
                  <chartcorrection_row_note>
                    <text_fi>Seuraavien pisteiden väliltä:</text_fi>
                    <text_sv>Mellan följande positioner:</text_sv>
                    <text_en>Between the following positions:</text_en>
                  </chartcorrection_row_note>
                </chartcorrection_firstrow>
                <chartcorrection_positions>
                  <notice_position>
                    <order_number>1</order_number>
                    <description/>
                    <lat degrees="62" minutes="34.98">62,583</lat>
                    <lon degrees="27" minutes="38.81">27,64683</lon>
                  </notice_position>
                  <notice_position>
                    <order_number>2</order_number>
                    <description/>
                    <lat degrees="62" minutes="35.12">62,58533</lat>
                    <lon degrees="27" minutes="39.08">27,65133</lon>
                  </notice_position>
                </chartcorrection_positions>
              </content_chartcorrection>
            </content_data>
          </content>
          <content>
            <order_number>2</order_number>
            <content_number>8431</content_number>
            <content_type>I</content_type>
            <charts/>
            <content_data>
              <content_image>8431</content_image>
            </content_data>
          </content>
        </contents>
      </notice>
    </notices>
  </sea_area>
  <sea_area>
    <sea_area_name>
      <name_fi>Kymijoen vesistö</name_fi>
      <name_sv>Kymmene älvs vattendrag</name_sv>
      <name_en>Kymijoki watercourse</name_en>
    </sea_area_name>
    <notices>
      <notice>
        <notice_status>CANCELED</notice_status>
        <notice_id>3901</notice_id>
        <notice_type>NORMAL</notice_type>
        <notice_original>1</notice_original>
        <notice_number>256</notice_number>
        <notice_year>2019</notice_year>
        <notice_date_published>2019-10-31</notice_date_published>
        <products>
          <product>
            <product_edition_id>1929</product_edition_id>
            <product_name>K</product_name>
            <product_edition>2018</product_edition>
            <product_int_num/>
            <product_extended>0</product_extended>
            <product_corrected_date>2018-04-30</product_corrected_date>
            <prod_last_corr>
              <last_corr_number>194</last_corr_number>
              <last_corr_type>TEMPORARY</last_corr_type>
              <last_corr_year>2019</last_corr_year>
            </prod_last_corr>
            <charts>
              <chart>
                <chart_name>K327</chart_name>
              </chart>
            </charts>
          </product>
        </products>
        <notice_header>
          <name_fi>Suomi. Kymijoen vesistö. Laukaa. Vuonteensalmi. Sillanrakennustyöt. Tilapäinen viitta. Tiedonanto uusitaan. Turvalaitteet. Väylät</name_fi>
          <name_sv>Finland. Kymmene älvs vattendrag. Laukas. Vuonteensalmi. Brobyggnadsarbeten. Tillfällig prick. Underrättelsen upprepas. Säkerhetsanordningar. Farleder</name_sv>
          <name_en>Finland. Kymijoki watercourse. Laukaa. Vuonteensalmi. Bridge construction work. Temporary spar buoy. Notice repeated. Buoyage. Fairways</name_en>
        </notice_header>
        <notice_cancels>
          <notice_number>194</notice_number>
          <notice_type>TEMPORARY</notice_type>
          <notice_year>2019</notice_year>
          <notice_status>CANCELED</notice_status>
        </notice_cancels>
        <notice_validity>
          <text_fi>noin toukokuun loppuun 2020</text_fi>
          <text_sv>till omkring slutet av maj 2020</text_sv>
          <text_en>until appr. the end of May 2020</text_en>
        </notice_validity>
        <notice_source>Traﬁcom, Helsinki/Helsingfors 2019</notice_source>
        <contents>
          <content>
            <order_number>1</order_number>
            <content_number>8451</content_number>
            <content_type>C</content_type>
            <charts>
              <chart>
                <chart_name>K327</chart_name>
              </chart>
            </charts>
            <content_data>
              <content_chartcorrection>
                <chartcorrection_action>
                  <text_fi>Lisää</text_fi>
                  <text_sv>Inför</text_sv>
                  <text_en>Add</text_en>
                </chartcorrection_action>
                <chartcorrection_firstrow>
                  <chartcorrection_objectA>24</chartcorrection_objectA>
                  <chartcorrection_objectB/>
                  <chartcorrection_row_note>
                    <text_fi/>
                    <text_sv/>
                    <text_en/>
                  </chartcorrection_row_note>
                </chartcorrection_firstrow>
                <chartcorrection_positions>
                  <notice_position>
                    <order_number>1</order_number>
                    <description>85391</description>
                    <lat degrees="62" minutes="19.066">62,31777</lat>
                    <lon degrees="25" minutes="58.252">25,97087</lon>
                  </notice_position>
                </chartcorrection_positions>
              </content_chartcorrection>
            </content_data>
          </content>
          <content>
            <order_number>2</order_number>
            <content_number>8453</content_number>
            <content_type>C</content_type>
            <charts>
              <chart>
                <chart_name>K327</chart_name>
              </chart>
            </charts>
            <content_data>
              <content_chartcorrection>
                <chartcorrection_action>
                  <text_fi>Lisää</text_fi>
                  <text_sv>Inför</text_sv>
                  <text_en>Add</text_en>
                </chartcorrection_action>
                <chartcorrection_firstrow>
                  <chartcorrection_objectA>23</chartcorrection_objectA>
                  <chartcorrection_objectB/>
                  <chartcorrection_row_note>
                    <text_fi>Seuraavien pisteiden välille:</text_fi>
                    <text_sv>Mellan följande positioner:</text_sv>
                    <text_en>Between the following positions:</text_en>
                  </chartcorrection_row_note>
                </chartcorrection_firstrow>
                <chartcorrection_textrow>
                  <chartcorrection_textA/>
                  <chartcorrection_textB/>
                  <chartcorrection_row_note>
                    <text_fi>Poista vanha keskilinja</text_fi>
                    <text_sv>Stryk den tidigare mittlinjen</text_sv>
                    <text_en>Delete former centre line</text_en>
                  </chartcorrection_row_note>
                </chartcorrection_textrow>
                <chartcorrection_positions>
                  <notice_position>
                    <order_number>1</order_number>
                    <description/>
                    <lat degrees="62" minutes="19.159">62,31932</lat>
                    <lon degrees="25" minutes="58.341">25,97235</lon>
                  </notice_position>
                  <notice_position>
                    <order_number>2</order_number>
                    <description/>
                    <lat degrees="62" minutes="19.084">62,31807</lat>
                    <lon degrees="25" minutes="58.314">25,9719</lon>
                  </notice_position>
                  <notice_position>
                    <order_number>3</order_number>
                    <description/>
                    <lat degrees="62" minutes="19.011">62,31685</lat>
                    <lon degrees="25" minutes="57.950">25,96583</lon>
                  </notice_position>
                </chartcorrection_positions>
              </content_chartcorrection>
            </content_data>
          </content>
          <content>
            <order_number>3</order_number>
            <content_number>8452</content_number>
            <content_type>I</content_type>
            <charts/>
            <content_data>
              <content_image>8452</content_image>
            </content_data>
          </content>
        </contents>
      </notice>
    </notices>
  </sea_area>
  <sea_area>
    <sea_area_name>
      <name_fi>Kokemäenjoen vesistö</name_fi>
      <name_sv>Kumo älvs vattendrag</name_sv>
      <name_en>Kokemäkijoki watercourse</name_en>
    </sea_area_name>
    <notices/>
  </sea_area>
  <sea_area>
    <sea_area_name>
      <name_fi>Oulujoen vesistö</name_fi>
      <name_sv>Ule älvs vattendrag</name_sv>
      <name_en>Oulujoki watercourse</name_en>
    </sea_area_name>
    <notices/>
  </sea_area>
  <sea_area>
    <sea_area_name>
      <name_fi>Paatsjoen vesistö</name_fi>
      <name_sv>Paatsjoki vattendrag</name_sv>
      <name_en>Paatsjoki watercourse</name_en>
    </sea_area_name>
    <notices/>
  </sea_area>
  <sea_area>
    <sea_area_name>
      <name_fi>Saimaan kanava</name_fi>
      <name_sv>Saima kanal</name_sv>
      <name_en>Saimaa Canal</name_en>
    </sea_area_name>
    <notices/>
  </sea_area>
  <sea_area>
    <sea_area_name>
      <name_fi>Pohjoinen Itämeri</name_fi>
      <name_sv>Norra Östersjön</name_sv>
      <name_en>Northern Baltic</name_en>
    </sea_area_name>
    <notices/>
  </sea_area>
  <sea_area>
    <sea_area_name>
      <name_fi>Tiedotuksia</name_fi>
      <name_sv>Upplysningar </name_sv>
      <name_en>Announcements</name_en>
    </sea_area_name>
    <notices>
      <notice>
        <notice_status>PUBLISHED</notice_status>
        <notice_id>3848</notice_id>
        <notice_type>NORMAL</notice_type>
        <notice_original>1</notice_original>
        <notice_number>257</notice_number>
        <notice_year>2019</notice_year>
        <notice_date_published>2019-10-31</notice_date_published>
        <products/>
        <notice_header>
          <name_fi>Suomi. . Muutoksia Master's Guideen. </name_fi>
          <name_sv>Finland. . Ändringar i Master's Guiden. </name_sv>
          <name_en>Finland. . Changes in the Master's Guide. </name_en>
        </notice_header>
        <notice_references>
          <notice_number>245</notice_number>
          <notice_type>NORMAL</notice_type>
          <notice_year>2019</notice_year>
          <notice_status>PUBLISHED</notice_status>
        </notice_references>
        <notice_validity>
          <text_fi/>
          <text_sv/>
          <text_en/>
        </notice_validity>
        <notice_source>Vessel Trafic Services Finland Oy, 2019</notice_source>
        <contents>
          <content>
            <order_number>1</order_number>
            <content_number>8384</content_number>
            <content_type>T</content_type>
            <charts/>
            <content_data>
              <content_text>
                <text_fi>Helsinki VTS Master's Guide on päivitetty. Uusi Master's Guide astuu voimaan 15.10.2019. Keskeisimmät muutokset koskevat ohittamista ja kohtaamista Helsinki VTS, sektori 2 Emäsalon alueen väylillä. Tarkemmat tiedot löytyvät päivitetyistä Master’s Guideista VTS Finlandin internet-sivuilta 10.10. 2019 alkaen osoitteesta https://tmfg.fi/fi/vts/masters-guide.</text_fi>
                <text_sv>Helsinki VTS Master's Guide har uppdaterats och träder i kraft 15.10.2019. De viktigaste ändringarna gäller möten och omkörningar i farlederna i Emsalöområdet, Helsinki VTS, sektor 2. Noggrannare information finns från och med 10.10.2019 i de uppdaterade Master’s Guiderna  på VTS Finlands webbsida https://tmfg.fi/sv/vts/masters-guide.</text_sv>
                <text_en>Helsinki VTS Master’s Guide has been updated. The new Master’s Guide will come into force on the 15th of October 2019. The key changes apply to passing and overtaking in the fairways in the Emäsalo area, Helsinki VTS, sector 2. More detailed instructions can be found from the 10th of October 2019 in the updated Master’s Guides on VTS Finland’s website https://tmfg.fi/en/vts/masters-guide.</text_en>
              </content_text>
            </content_data>
          </content>
        </contents>
      </notice>
      <notice>
        <notice_status>PUBLISHED</notice_status>
        <notice_id>3850</notice_id>
        <notice_type>NORMAL</notice_type>
        <notice_original>1</notice_original>
        <notice_number>258</notice_number>
        <notice_year>2019</notice_year>
        <notice_date_published>2019-10-31</notice_date_published>
        <products/>
        <notice_header>
          <name_fi>Suomi. . Muutoksia Master's Guideen 2. </name_fi>
          <name_sv>Finland. . Ändringar i Master's Guiden 2. </name_sv>
          <name_en>Finland. . Changes in the Master's Guide 2. </name_en>
        </notice_header>
        <notice_references>
          <notice_number>247</notice_number>
          <notice_type>NORMAL</notice_type>
          <notice_year>2019</notice_year>
          <notice_status>PUBLISHED</notice_status>
        </notice_references>
        <notice_validity>
          <text_fi/>
          <text_sv/>
          <text_en/>
        </notice_validity>
        <notice_source>Vessel Trafic Services Finland Oy, 2019</notice_source>
        <contents>
          <content>
            <order_number>1</order_number>
            <content_number>8386</content_number>
            <content_type>T</content_type>
            <charts/>
            <content_data>
              <content_text>
                <text_fi>Lähtölupamenettely käyttöön Pietarsaaren ja Vaasan satamissa.
1.11.2019 alkaen Pietarsaaren ja Vaasan satamissa otetaan käyttöön lähtölupamenettely. Saadakseen lähtöluvan on aluksen annettava VTS:lle lähtöilmoitus. VTS:n myöntämä lähtölupa on voimassa 20 minuuttia. 
Alusliikennepalvelua Pietarsaaren satamassa tarjoaa Bothnia VTS (VHF-kanavalla 67) ja Vaasan satamassa West Coast VTS (VHF-kanavalla 9).
Tarkemmat tiedot löytyvät päivitetyistä Master’s Guideista 1.11.2019 alkaen VTS Finlandin internet-sivuilta osoitteesta https://tmfg.fi/fi/vts/masters-guide.</text_fi>
                <text_sv>Procedur för avgångstillstånd tas i bruk i Jakobstads hamn och i Vasa hamn
En procedur för avgångstillstånd tillämpas från och med 1.11.2019 i Jakobstads hamn och i Vasa hamn. För att få avgångstillstånd ska fartyg anmäla avgång till VTS. Avgångstillståndet som VTS beviljar gäller i 20 minuter. 
Fartygstrafikservice tillhandahålls i Jakobstads hamn av Bothnia VTS (på VHF-kanal 67) och i Vasa hamn av West Coast VTS (på VHF-kanal 9).
Närmare information finns från och med 1.11.2019 i de uppdaterade Master’s Guiderna på VTS Finlands webbsidor https://www.tmfg.fi/sv/vts/masters-guide.</text_sv>
                <text_en>Procedure for requesting permission to depart to be introduced in the Ports of Pietarsaari and Vaasa
Starting from 1 November 2011, a procedure for requesting permission to depart will be introduced in the Port of Pietarsaari and in the Port of Vaasa. Vessels shall submit a departure report in order to be given permission to depart. The permission to depart issued by the VTS is valid for 20 minutes. 
Vessel traffic services are provided by Bothnia VTS (VHF channel 67) in the Port of Pietarsaari and by West Coast VTS (VHF channel 9) in the Port of Vaasa.
More information can be found from 1 November 2019 in the updated Master’s Guides on VTS Finland’s website at https://tmfg.fi/en/vts/masters-guide.</text_en>
              </content_text>
            </content_data>
          </content>
        </contents>
      </notice>
      <notice>
        <notice_status>PUBLISHED</notice_status>
        <notice_id>3849</notice_id>
        <notice_type>NORMAL</notice_type>
        <notice_original>1</notice_original>
        <notice_number>259</notice_number>
        <notice_year>2019</notice_year>
        <notice_date_published>2019-10-31</notice_date_published>
        <products/>
        <notice_header>
          <name_fi>Suomi. . Muutoksia alusliikennepalvelun perustamispäätökseen. </name_fi>
          <name_sv>Finland. . Ändringar i beslutet om inrättande av fartygstrafikservice. </name_sv>
          <name_en>Finland. . Changes to the decision to establish a VTS. </name_en>
        </notice_header>
        <notice_references>
          <notice_number>246</notice_number>
          <notice_type>NORMAL</notice_type>
          <notice_year>2019</notice_year>
          <notice_status>PUBLISHED</notice_status>
        </notice_references>
        <notice_validity>
          <text_fi/>
          <text_sv/>
          <text_en/>
        </notice_validity>
        <notice_source>Vessel Trafic Services Finland Oy, 2019</notice_source>
        <contents>
          <content>
            <order_number>1</order_number>
            <content_number>8385</content_number>
            <content_type>T</content_type>
            <charts/>
            <content_data>
              <content_text>
                <text_fi>Muutoksia alusliikennepalvelun perustamispäätökseen
Alusliikennepalvelun perustamispäätös on päivitetty ja uusi perustamispäätös astui voimaan 3.5.2019. Keskeisimmät perustamispäätöksen muutokset koskevat englannin kielen käyttöä ensisijaisena VTS-kielenä Suomen rannikon VTS-alueilla sekä muutoksia Saimaa VTS:n alueessa ja ilmoittautumispisteissä. Tarkemmat tiedot löytyvät päivitetyistä Master’s Guideista VTS Finlandin internet-sivuilta osoitteesta: https://tmfg.fi/fi/vts/masters-guide.
Englannin kielen ensisijaisuus otetaan käyttöön 1.10.2019 ja se koskee rannikon VTS-alueita, mutta ei Saimaan vesialuetta.</text_fi>
                <text_sv>Ändringar i beslutet om inrättande av fartygstrafikservice
Beslutet om inrättande av fartygstrafikservice har reviderats och det nya beslutet trädde i kraft 3.5.2019. Den största ändringen gäller användningen av engelska som det primära VTS-språket längs Finlands kust. Det har också gjorts ändringar i Saimaa VTS-området och dess rapporteringspunkter. Mer detaljerad information finns i de uppdaterade Master’s Guiderna på VTS Finlands webbsida: https://tmfg.fi/sv/vts/mastersguide.
Förfarandet med att använda engelska som det primära VTS-språket börjar gälla 1.10.2019 i VTS-områdena längs Finlands kust, men inte i Saimenområdet.</text_sv>
                <text_en>Amendments to the decision to establish a VTS
The decision to establish a VTS has been amended and the new decision entered into force on 3 May 2019. The key amendment is that English will be adopted as the primary communication language in the VTS areas along the Finnish coast. Amendments have also been made to the Saimaa VTS area and the reporting points in Lake Saimaa. More detailed information can be found in the updated Master’s Guides on VTS Finland’s website: https://tmfg.fi/en/vts/masters-guide.
The procedure of using English as the primary communication language will be adopted on the 1st of October 2019 in the VTS areas along the Finnish coast, but not in the Lake Saimaa region.</text_en>
              </content_text>
            </content_data>
          </content>
        </contents>
      </notice>
    </notices>
  </sea_area>
</ntm_list>
