<?xml version="1.0" encoding="UTF-8"?>
<NoticeToMarinerList xmlns:xs="http://www.w3.org/2001/XMLSchema" xmlns:fn="http://www.w3.org/2005/xpath-functions" xmlns:xsi="http://www.w3.org/2001/XMLSchema-instance" xsi:noNamespaceSchemaLocation="https://raw.githubusercontent.com/FihoFi/ntm_common_xml/85042e4abcd6910b8d4f29cd2c4a1964f3f644f5/CommonNtmXml.xsd">
	<languageISO639-3>EN</languageISO639-3>
	<countryISO3166-1>FI</countryISO3166-1>
	<producingAgencyS62>160</producingAgencyS62>
	<creationDate>2019-11-05</creationDate>
	<notices>
		<notice>
			<area>Gulf of Finland</area>
			<noticeIdentifier>
				<noticeNumber>248</noticeNumber>
				<noticeYear>2019</noticeYear>
				<noticeType>Normal</noticeType>
			</noticeIdentifier>
			<noticeDatePublished>2019-10-31</noticeDatePublished>
			<noticeStatus>Published</noticeStatus>
			<noticeOriginal>1</noticeOriginal>
			<noticeOriginalSource>Traficom, Helsinki/Helsingfors 2019</noticeOriginalSource>
			<charts>
				<chartProduct>
					<productTitle>18</productTitle>
					<productIntNumber>1250</productIntNumber>
					<productEditionDate>1970-01-01</productEditionDate>
					<productEditionName>10</productEditionName>
					<productLastCorrection>
						<noticeNumber>236</noticeNumber>
						<noticeYear>2019</noticeYear>
						<noticeType>Normal</noticeType>
					</productLastCorrection>
					<panels>
						<chartPanel ID="notice_248_product_18_edition_10_panel_18">
							<panelName>18</panelName>
							<horizontalDatumEPSG>4326</horizontalDatumEPSG>
						</chartPanel>
					</panels>
				</chartProduct>
				<chartProduct>
					<productTitle>191</productTitle>
					<productIntNumber>1159</productIntNumber>
					<productEditionDate>1970-01-01</productEditionDate>
					<productEditionName>4</productEditionName>
					<productLastCorrection>
						<noticeNumber>157</noticeNumber>
						<noticeYear>2019</noticeYear>
						<noticeType>Normal</noticeType>
					</productLastCorrection>
					<panels>
						<chartPanel ID="notice_248_product_191_edition_4_panel_191">
							<panelName>191</panelName>
							<horizontalDatumEPSG>4326</horizontalDatumEPSG>
						</chartPanel>
					</panels>
				</chartProduct>
				<chartProduct>
					<productTitle>A</productTitle>
					<productEditionDate>1970-01-01</productEditionDate>
					<productEditionName>2016</productEditionName>
					<productLastCorrection>
						<noticeNumber>236</noticeNumber>
						<noticeYear>2019</noticeYear>
						<noticeType>Normal</noticeType>
					</productLastCorrection>
					<panels>
						<chartPanel ID="notice_248_product_A_edition_2016_panel_A626">
							<panelName>A626</panelName>
							<horizontalDatumEPSG>4326</horizontalDatumEPSG>
						</chartPanel>
						<chartPanel ID="notice_248_product_A_edition_2016_panel_A626.2">
							<panelName>A626.2</panelName>
							<horizontalDatumEPSG>4326</horizontalDatumEPSG>
						</chartPanel>
					</panels>
				</chartProduct>
				<chartProduct>
					<productTitle>B</productTitle>
					<productEditionDate>1970-01-01</productEditionDate>
					<productEditionName>2015</productEditionName>
					<productLastCorrection>
						<noticeNumber>236</noticeNumber>
						<noticeYear>2019</noticeYear>
						<noticeType>Normal</noticeType>
					</productLastCorrection>
					<panels>
						<chartPanel ID="notice_248_product_B_edition_2015_panel_B626">
							<panelName>B626</panelName>
							<horizontalDatumEPSG>4326</horizontalDatumEPSG>
						</chartPanel>
						<chartPanel ID="notice_248_product_B_edition_2015_panel_B626.2">
							<panelName>B626.2</panelName>
							<horizontalDatumEPSG>4326</horizontalDatumEPSG>
						</chartPanel>
					</panels>
				</chartProduct>
			</charts>
			<contents>
				<content>
					<chartCorrectionContent>
						<chartRefs>
							<chartRef IDREF="notice_248_product_18_edition_10_panel_18"/>
							<chartRef IDREF="notice_248_product_191_edition_4_panel_191"/>
							<chartRef IDREF="notice_248_product_A_edition_2016_panel_A626"/>
							<chartRef IDREF="notice_248_product_A_edition_2016_panel_A626.2"/>
							<chartRef IDREF="notice_248_product_B_edition_2015_panel_B626"/>
							<chartRef IDREF="notice_248_product_B_edition_2015_panel_B626.2"/>
						</chartRefs>
						<contentNumber>1</contentNumber>
						<chartcorrectionAction>Delete</chartcorrectionAction>
						<symbols>
							<symbol>
								<alternativeProvision>
									<fileBasedSymbol>
										<symbolFormat>PNG</symbolFormat>
										<fileLocator>https://oag.liikennevirasto.fi/tmonline/lokiimage/rest/chartimages/601</fileLocator>
									</fileBasedSymbol>
								</alternativeProvision>
							</symbol>
						</symbols>
						<externalContents/>
						<positions>
							<position>
								<positionDescription>85351</positionDescription>
								<positionPoint>
									<latitudeDecimal>60.15933</latitudeDecimal>
									<latitudeDegrees>60</latitudeDegrees>
									<latitudeMinutes>09.560</latitudeMinutes>
									<longitudeDecimal>25.01327</longitudeDecimal>
									<longitudeDegrees>25</longitudeDegrees>
									<longitudeMinutes>00.796</longitudeMinutes>
								</positionPoint>
							</position>
						</positions>
					</chartCorrectionContent>
				</content>
				<content>
					<chartCorrectionContent>
						<chartRefs>
							<chartRef IDREF="notice_248_product_18_edition_10_panel_18"/>
							<chartRef IDREF="notice_248_product_191_edition_4_panel_191"/>
							<chartRef IDREF="notice_248_product_A_edition_2016_panel_A626"/>
							<chartRef IDREF="notice_248_product_A_edition_2016_panel_A626.2"/>
							<chartRef IDREF="notice_248_product_B_edition_2015_panel_B626"/>
							<chartRef IDREF="notice_248_product_B_edition_2015_panel_B626.2"/>
						</chartRefs>
						<contentNumber>2</contentNumber>
						<chartcorrectionAction>Delete</chartcorrectionAction>
						<symbols>
							<symbol>
								<alternativeProvision>
									<fileBasedSymbol>
										<symbolFormat>PNG</symbolFormat>
										<fileLocator>https://oag.liikennevirasto.fi/tmonline/lokiimage/rest/chartimages/601</fileLocator>
									</fileBasedSymbol>
								</alternativeProvision>
							</symbol>
						</symbols>
						<externalContents/>
						<positions>
							<position>
								<positionDescription>85352</positionDescription>
								<positionPoint>
									<latitudeDecimal>60.15888</latitudeDecimal>
									<latitudeDegrees>60</latitudeDegrees>
									<latitudeMinutes>09.533</latitudeMinutes>
									<longitudeDecimal>25.01603</longitudeDecimal>
									<longitudeDegrees>25</longitudeDegrees>
									<longitudeMinutes>00.962</longitudeMinutes>
								</positionPoint>
							</position>
						</positions>
					</chartCorrectionContent>
				</content>
				<content>
					<graphicContent>
						<chartRefs/>
						<contentNumber>3</contentNumber>
						<graphicContentFileFormat>PNG</graphicContentFileFormat>
						<fileLocator>https://oag.liikennevirasto.fi/tmonline/lokiimage/rest/notice/image/png/8434</fileLocator>
					</graphicContent>
				</content>
			</contents>
		</notice>
		<notice>
			<area>Archipelago Sea</area>
			<noticeIdentifier>
				<noticeNumber>249</noticeNumber>
				<noticeYear>2019</noticeYear>
				<noticeType>Normal</noticeType>
			</noticeIdentifier>
			<noticeDatePublished>2019-10-31</noticeDatePublished>
			<noticeStatus>Published</noticeStatus>
			<noticeOriginal>1</noticeOriginal>
			<noticeOriginalSource>Traficom, Helsinki/Helsingfors 2019</noticeOriginalSource>
			<charts>
				<chartProduct>
					<productTitle>26</productTitle>
					<productIntNumber>1189</productIntNumber>
					<productEditionDate>1970-01-01</productEditionDate>
					<productEditionName>8</productEditionName>
					<productLastCorrection>
						<noticeNumber>213</noticeNumber>
						<noticeYear>2019</noticeYear>
						<noticeType>Normal</noticeType>
					</productLastCorrection>
					<panels>
						<chartPanel ID="notice_249_product_26_edition_8_panel_26">
							<panelName>26</panelName>
							<horizontalDatumEPSG>4326</horizontalDatumEPSG>
						</chartPanel>
					</panels>
				</chartProduct>
				<chartProduct>
					<productTitle>37</productTitle>
					<productIntNumber>1198</productIntNumber>
					<productEditionDate>1970-01-01</productEditionDate>
					<productEditionName>2</productEditionName>
					<productLastCorrection>
						<noticeNumber>222</noticeNumber>
						<noticeYear>2019</noticeYear>
						<noticeType>Normal</noticeType>
					</productLastCorrection>
					<panels>
						<chartPanel ID="notice_249_product_37_edition_2_panel_37">
							<panelName>37</panelName>
							<horizontalDatumEPSG>4326</horizontalDatumEPSG>
						</chartPanel>
					</panels>
				</chartProduct>
				<chartProduct>
					<productTitle>D</productTitle>
					<productEditionDate>1970-01-01</productEditionDate>
					<productEditionName>2018</productEditionName>
					<productLastCorrection>
						<noticeNumber>222</noticeNumber>
						<noticeYear>2019</noticeYear>
						<noticeType>Normal</noticeType>
					</productLastCorrection>
					<panels>
						<chartPanel ID="notice_249_product_D_edition_2018_panel_D719">
							<panelName>D719</panelName>
							<horizontalDatumEPSG>4326</horizontalDatumEPSG>
						</chartPanel>
					</panels>
				</chartProduct>
			</charts>
			<contents>
				<content>
					<chartCorrectionContent>
						<chartRefs>
							<chartRef IDREF="notice_249_product_26_edition_8_panel_26"/>
							<chartRef IDREF="notice_249_product_37_edition_2_panel_37"/>
							<chartRef IDREF="notice_249_product_D_edition_2018_panel_D719"/>
						</chartRefs>
						<contentNumber>1</contentNumber>
						<chartcorrectionAction>Insert</chartcorrectionAction>
						<symbols>
							<symbol>
								<alternativeProvision>
									<fileBasedSymbol>
										<symbolFormat>PNG</symbolFormat>
										<fileLocator>https://oag.liikennevirasto.fi/tmonline/lokiimage/rest/chartimages/65</fileLocator>
									</fileBasedSymbol>
								</alternativeProvision>
								<correctionInstruction>Correct 3 m depth contour</correctionInstruction>
							</symbol>
						</symbols>
						<externalContents/>
						<positions>
							<position>
								<positionDescription/>
								<positionPoint>
									<latitudeDecimal>60.33438</latitudeDecimal>
									<latitudeDegrees>60</latitudeDegrees>
									<latitudeMinutes>20.063</latitudeMinutes>
									<longitudeDecimal>21.6968</longitudeDecimal>
									<longitudeDegrees>21</longitudeDegrees>
									<longitudeMinutes>41.808</longitudeMinutes>
								</positionPoint>
							</position>
						</positions>
					</chartCorrectionContent>
				</content>
				<content>
					<graphicContent>
						<chartRefs/>
						<contentNumber>2</contentNumber>
						<graphicContentFileFormat>PNG</graphicContentFileFormat>
						<fileLocator>https://oag.liikennevirasto.fi/tmonline/lokiimage/rest/notice/image/png/8390</fileLocator>
					</graphicContent>
				</content>
			</contents>
		</notice>
		<notice>
			<area>Bay of Bothnia</area>
			<noticeIdentifier>
				<noticeNumber>250</noticeNumber>
				<noticeYear>2019</noticeYear>
				<noticeType>Normal</noticeType>
			</noticeIdentifier>
			<noticeDatePublished>2019-10-31</noticeDatePublished>
			<noticeStatus>Published</noticeStatus>
			<noticeOriginal>1</noticeOriginal>
			<noticeOriginalSource>Traficom, Helsinki/Helsingfors 2019</noticeOriginalSource>
			<charts>
				<chartProduct>
					<productTitle>52</productTitle>
					<productIntNumber>1143</productIntNumber>
					<productEditionDate>1970-01-01</productEditionDate>
					<productEditionName>4</productEditionName>
					<productLastCorrection>
						<noticeNumber>215</noticeNumber>
						<noticeYear>2019</noticeYear>
						<noticeType>Normal</noticeType>
					</productLastCorrection>
					<panels>
						<chartPanel ID="notice_250_product_52_edition_4_panel_52">
							<panelName>52</panelName>
							<horizontalDatumEPSG>4326</horizontalDatumEPSG>
						</chartPanel>
					</panels>
				</chartProduct>
				<chartProduct>
					<productTitle>117</productTitle>
					<productEditionDate>1970-01-01</productEditionDate>
					<productEditionName>1</productEditionName>
					<productLastCorrection>
						<noticeNumber>215</noticeNumber>
						<noticeYear>2019</noticeYear>
						<noticeType>Normal</noticeType>
					</productLastCorrection>
					<panels>
						<chartPanel ID="notice_250_product_117_edition_1_panel_117.A">
							<panelName>117.A</panelName>
							<horizontalDatumEPSG>4326</horizontalDatumEPSG>
						</chartPanel>
					</panels>
				</chartProduct>
				<chartProduct>
					<productTitle>F</productTitle>
					<productEditionDate>1970-01-01</productEditionDate>
					<productEditionName>2017</productEditionName>
					<productLastCorrection>
						<noticeNumber>238</noticeNumber>
						<noticeYear>2019</noticeYear>
						<noticeType>Normal</noticeType>
					</productLastCorrection>
					<panels>
						<chartPanel ID="notice_250_product_F_edition_2017_panel_F832">
							<panelName>F832</panelName>
							<horizontalDatumEPSG>4326</horizontalDatumEPSG>
						</chartPanel>
						<chartPanel ID="notice_250_product_F_edition_2017_panel_F833">
							<panelName>F833</panelName>
							<horizontalDatumEPSG>4326</horizontalDatumEPSG>
						</chartPanel>
						<chartPanel ID="notice_250_product_F_edition_2017_panel_F833.2">
							<panelName>F833.2</panelName>
							<horizontalDatumEPSG>4326</horizontalDatumEPSG>
						</chartPanel>
					</panels>
				</chartProduct>
			</charts>
			<contents>
				<content>
					<chartCorrectionContent>
						<chartRefs>
							<chartRef IDREF="notice_250_product_52_edition_4_panel_52"/>
							<chartRef IDREF="notice_250_product_117_edition_1_panel_117.A"/>
							<chartRef IDREF="notice_250_product_F_edition_2017_panel_F832"/>
							<chartRef IDREF="notice_250_product_F_edition_2017_panel_F833"/>
						</chartRefs>
						<contentNumber>1</contentNumber>
						<chartcorrectionAction>Insert</chartcorrectionAction>
						<symbols>
							<symbol>
								<alternativeProvision>
									<fileBasedSymbol>
										<symbolFormat>PNG</symbolFormat>
										<fileLocator>https://oag.liikennevirasto.fi/tmonline/lokiimage/rest/chartimages/140</fileLocator>
									</fileBasedSymbol>
								</alternativeProvision>
							</symbol>
						</symbols>
						<externalContents/>
						<positions>
							<position>
								<positionDescription>85408</positionDescription>
								<positionPoint>
									<latitudeDecimal>63.87517</latitudeDecimal>
									<latitudeDegrees>63</latitudeDegrees>
									<latitudeMinutes>52.510</latitudeMinutes>
									<longitudeDecimal>23.00213</longitudeDecimal>
									<longitudeDegrees>23</longitudeDegrees>
									<longitudeMinutes>00.128</longitudeMinutes>
								</positionPoint>
							</position>
						</positions>
					</chartCorrectionContent>
				</content>
				<content>
					<chartCorrectionContent>
						<chartRefs>
							<chartRef IDREF="notice_250_product_52_edition_4_panel_52"/>
							<chartRef IDREF="notice_250_product_117_edition_1_panel_117.A"/>
							<chartRef IDREF="notice_250_product_F_edition_2017_panel_F832"/>
							<chartRef IDREF="notice_250_product_F_edition_2017_panel_F833"/>
						</chartRefs>
						<contentNumber>2</contentNumber>
						<chartcorrectionAction>Insert</chartcorrectionAction>
						<symbols>
							<symbol>
								<alternativeProvision>
									<fileBasedSymbol>
										<symbolFormat>PNG</symbolFormat>
										<fileLocator>https://oag.liikennevirasto.fi/tmonline/lokiimage/rest/chartimages/142</fileLocator>
									</fileBasedSymbol>
								</alternativeProvision>
							</symbol>
						</symbols>
						<externalContents/>
						<positions>
							<position>
								<positionDescription>85407</positionDescription>
								<positionPoint>
									<latitudeDecimal>63.87128</latitudeDecimal>
									<latitudeDegrees>63</latitudeDegrees>
									<latitudeMinutes>52.277</latitudeMinutes>
									<longitudeDecimal>22.99787</longitudeDecimal>
									<longitudeDegrees>22</longitudeDegrees>
									<longitudeMinutes>59.872</longitudeMinutes>
								</positionPoint>
							</position>
						</positions>
					</chartCorrectionContent>
				</content>
				<content>
					<chartCorrectionContent>
						<chartRefs>
							<chartRef IDREF="notice_250_product_52_edition_4_panel_52"/>
							<chartRef IDREF="notice_250_product_117_edition_1_panel_117.A"/>
							<chartRef IDREF="notice_250_product_F_edition_2017_panel_F832"/>
							<chartRef IDREF="notice_250_product_F_edition_2017_panel_F833"/>
						</chartRefs>
						<contentNumber>3</contentNumber>
						<chartcorrectionAction>Move</chartcorrectionAction>
						<symbols>
							<symbol>
								<alternativeProvision>
									<fileBasedSymbol>
										<symbolFormat>PNG</symbolFormat>
										<fileLocator>https://oag.liikennevirasto.fi/tmonline/lokiimage/rest/chartimages/244</fileLocator>
									</fileBasedSymbol>
								</alternativeProvision>
							</symbol>
						</symbols>
						<externalContents/>
						<positions>
							<position>
								<positionDescription/>
								<positionPoint>
									<latitudeDecimal>63.87133</latitudeDecimal>
									<latitudeDegrees>63</latitudeDegrees>
									<latitudeMinutes>52.280</latitudeMinutes>
									<longitudeDecimal>23.00943</longitudeDecimal>
									<longitudeDegrees>23</longitudeDegrees>
									<longitudeMinutes>00.566</longitudeMinutes>
								</positionPoint>
							</position>
							<position>
								<positionDescription>44793</positionDescription>
								<positionPoint>
									<latitudeDecimal>63.87572</latitudeDecimal>
									<latitudeDegrees>63</latitudeDegrees>
									<latitudeMinutes>52.543</latitudeMinutes>
									<longitudeDecimal>23.00602</longitudeDecimal>
									<longitudeDegrees>23</longitudeDegrees>
									<longitudeMinutes>00.361</longitudeMinutes>
								</positionPoint>
							</position>
						</positions>
					</chartCorrectionContent>
				</content>
				<content>
					<chartCorrectionContent>
						<chartRefs>
							<chartRef IDREF="notice_250_product_52_edition_4_panel_52"/>
							<chartRef IDREF="notice_250_product_117_edition_1_panel_117.A"/>
							<chartRef IDREF="notice_250_product_F_edition_2017_panel_F832"/>
							<chartRef IDREF="notice_250_product_F_edition_2017_panel_F833"/>
						</chartRefs>
						<contentNumber>4</contentNumber>
						<chartcorrectionAction>Delete</chartcorrectionAction>
						<symbols>
							<symbol>
								<alternativeProvision>
									<fileBasedSymbol>
										<symbolFormat>PNG</symbolFormat>
										<fileLocator>https://oag.liikennevirasto.fi/tmonline/lokiimage/rest/chartimages/2507</fileLocator>
									</fileBasedSymbol>
								</alternativeProvision>
							</symbol>
						</symbols>
						<externalContents/>
						<positions>
							<position>
								<positionDescription/>
								<positionPoint>
									<latitudeDecimal>63.871</latitudeDecimal>
									<latitudeDegrees>63</latitudeDegrees>
									<latitudeMinutes>52.26</latitudeMinutes>
									<longitudeDecimal>23.01117</longitudeDecimal>
									<longitudeDegrees>23</longitudeDegrees>
									<longitudeMinutes>00.67</longitudeMinutes>
								</positionPoint>
							</position>
						</positions>
					</chartCorrectionContent>
				</content>
				<content>
					<chartCorrectionContent>
						<chartRefs>
							<chartRef IDREF="notice_250_product_52_edition_4_panel_52"/>
							<chartRef IDREF="notice_250_product_117_edition_1_panel_117.A"/>
							<chartRef IDREF="notice_250_product_F_edition_2017_panel_F832"/>
							<chartRef IDREF="notice_250_product_F_edition_2017_panel_F833"/>
							<chartRef IDREF="notice_250_product_F_edition_2017_panel_F833.2"/>
						</chartRefs>
						<contentNumber>5</contentNumber>
						<chartcorrectionAction>Delete</chartcorrectionAction>
						<symbols>
							<symbol>
								<alternativeProvision>
									<fileBasedSymbol>
										<symbolFormat>PNG</symbolFormat>
										<fileLocator>https://oag.liikennevirasto.fi/tmonline/lokiimage/rest/chartimages/2508</fileLocator>
									</fileBasedSymbol>
								</alternativeProvision>
							</symbol>
						</symbols>
						<externalContents/>
						<positions>
							<position>
								<positionDescription/>
								<positionPoint>
									<latitudeDecimal>63.86933</latitudeDecimal>
									<latitudeDegrees>63</latitudeDegrees>
									<latitudeMinutes>52.16</latitudeMinutes>
									<longitudeDecimal>23.01367</longitudeDecimal>
									<longitudeDegrees>23</longitudeDegrees>
									<longitudeMinutes>00.82</longitudeMinutes>
								</positionPoint>
							</position>
						</positions>
					</chartCorrectionContent>
				</content>
				<content>
					<chartCorrectionContent>
						<chartRefs>
							<chartRef IDREF="notice_250_product_52_edition_4_panel_52"/>
							<chartRef IDREF="notice_250_product_117_edition_1_panel_117.A"/>
							<chartRef IDREF="notice_250_product_F_edition_2017_panel_F832"/>
							<chartRef IDREF="notice_250_product_F_edition_2017_panel_F833"/>
							<chartRef IDREF="notice_250_product_F_edition_2017_panel_F833.2"/>
						</chartRefs>
						<contentNumber>6</contentNumber>
						<chartcorrectionAction>Insert</chartcorrectionAction>
						<symbols>
							<symbol>
								<alternativeProvision>
									<fileBasedSymbol>
										<symbolFormat>PNG</symbolFormat>
										<fileLocator>https://oag.liikennevirasto.fi/tmonline/lokiimage/rest/chartimages/203</fileLocator>
									</fileBasedSymbol>
								</alternativeProvision>
								<symbolText/>
								<symbolText/>
								<correctionInstruction>Fairway area edge line between positions:</correctionInstruction>
								<correctionInstruction>Delete former edge line</correctionInstruction>
								<correctionInstruction>Insert grey tint in fairway area</correctionInstruction>
							</symbol>
						</symbols>
						<externalContents/>
						<positions>
							<position>
								<positionDescription/>
								<positionPoint>
									<latitudeDecimal>63.87572</latitudeDecimal>
									<latitudeDegrees>63</latitudeDegrees>
									<latitudeMinutes>52.543</latitudeMinutes>
									<longitudeDecimal>23.00602</longitudeDecimal>
									<longitudeDegrees>23</longitudeDegrees>
									<longitudeMinutes>00.361</longitudeMinutes>
								</positionPoint>
							</position>
							<position>
								<positionDescription/>
								<positionPoint>
									<latitudeDecimal>63.86663</latitudeDecimal>
									<latitudeDegrees>63</latitudeDegrees>
									<latitudeMinutes>51.998</latitudeMinutes>
									<longitudeDecimal>23.01772</longitudeDecimal>
									<longitudeDegrees>23</longitudeDegrees>
									<longitudeMinutes>01.063</longitudeMinutes>
								</positionPoint>
							</position>
						</positions>
					</chartCorrectionContent>
				</content>
				<content>
					<textContent>
						<chartRefs/>
						<contentNumber>7</contentNumber>
						<text>The prohibited anchorage area will remain unchanged.</text>
					</textContent>
				</content>
				<content>
					<graphicContent>
						<chartRefs/>
						<contentNumber>8</contentNumber>
						<graphicContentFileFormat>PNG</graphicContentFileFormat>
						<fileLocator>https://oag.liikennevirasto.fi/tmonline/lokiimage/rest/notice/image/png/8445</fileLocator>
					</graphicContent>
				</content>
			</contents>
		</notice>
		<notice>
			<area>Vuoksi watercourse</area>
			<noticeIdentifier>
				<noticeNumber>251</noticeNumber>
				<noticeYear>2019</noticeYear>
				<noticeType>Normal</noticeType>
			</noticeIdentifier>
			<noticeDatePublished>2019-10-31</noticeDatePublished>
			<noticeStatus>Published</noticeStatus>
			<noticeOriginal>1</noticeOriginal>
			<noticeOriginalSource>Traficom, Helsinki/Helsingfors 2019</noticeOriginalSource>
			<charts>
				<chartProduct>
					<productTitle>M</productTitle>
					<productEditionDate>1970-01-01</productEditionDate>
					<productEditionName>2016</productEditionName>
					<productLastCorrection>
						<noticeNumber>244</noticeNumber>
						<noticeYear>2019</noticeYear>
						<noticeType>Normal</noticeType>
					</productLastCorrection>
					<panels>
						<chartPanel ID="notice_251_product_M_edition_2016_panel_M226">
							<panelName>M226</panelName>
							<horizontalDatumEPSG>4326</horizontalDatumEPSG>
						</chartPanel>
					</panels>
				</chartProduct>
				<chartProduct>
					<productTitle>V</productTitle>
					<productEditionDate>1970-01-01</productEditionDate>
					<productEditionName>2011</productEditionName>
					<productLastCorrection>
						<noticeNumber>244</noticeNumber>
						<noticeYear>2019</noticeYear>
						<noticeType>Normal</noticeType>
					</productLastCorrection>
					<panels>
						<chartPanel ID="notice_251_product_V_edition_2011_panel_V226">
							<panelName>V226</panelName>
							<horizontalDatumEPSG>4326</horizontalDatumEPSG>
						</chartPanel>
					</panels>
				</chartProduct>
			</charts>
			<contents>
				<content>
					<chartCorrectionContent>
						<chartRefs>
							<chartRef IDREF="notice_251_product_M_edition_2016_panel_M226"/>
							<chartRef IDREF="notice_251_product_V_edition_2011_panel_V226"/>
						</chartRefs>
						<contentNumber>1</contentNumber>
						<chartcorrectionAction>Insert</chartcorrectionAction>
						<symbols>
							<symbol>
								<alternativeProvision>
									<fileBasedSymbol>
										<symbolFormat>PNG</symbolFormat>
										<fileLocator>https://oag.liikennevirasto.fi/tmonline/lokiimage/rest/chartimages/8</fileLocator>
									</fileBasedSymbol>
								</alternativeProvision>
								<correctionInstruction>Correct 6 m depth contour</correctionInstruction>
							</symbol>
						</symbols>
						<externalContents/>
						<positions>
							<position>
								<positionDescription/>
								<positionPoint>
									<latitudeDecimal>62.017</latitudeDecimal>
									<latitudeDegrees>62</latitudeDegrees>
									<latitudeMinutes>01.02</latitudeMinutes>
									<longitudeDecimal>28.54833</longitudeDecimal>
									<longitudeDegrees>28</longitudeDegrees>
									<longitudeMinutes>32.90</longitudeMinutes>
								</positionPoint>
							</position>
						</positions>
					</chartCorrectionContent>
				</content>
				<content>
					<chartCorrectionContent>
						<chartRefs>
							<chartRef IDREF="notice_251_product_M_edition_2016_panel_M226"/>
							<chartRef IDREF="notice_251_product_V_edition_2011_panel_V226"/>
						</chartRefs>
						<contentNumber>2</contentNumber>
						<chartcorrectionAction>Insert</chartcorrectionAction>
						<symbols>
							<symbol>
								<alternativeProvision>
									<fileBasedSymbol>
										<symbolFormat>PNG</symbolFormat>
										<fileLocator>https://oag.liikennevirasto.fi/tmonline/lokiimage/rest/chartimages/10</fileLocator>
									</fileBasedSymbol>
								</alternativeProvision>
								<correctionInstruction>Correct 6 m depth contour</correctionInstruction>
							</symbol>
						</symbols>
						<externalContents/>
						<positions>
							<position>
								<positionDescription/>
								<positionPoint>
									<latitudeDecimal>62.017</latitudeDecimal>
									<latitudeDegrees>62</latitudeDegrees>
									<latitudeMinutes>01.02</latitudeMinutes>
									<longitudeDecimal>28.556</longitudeDecimal>
									<longitudeDegrees>28</longitudeDegrees>
									<longitudeMinutes>33.36</longitudeMinutes>
								</positionPoint>
							</position>
						</positions>
					</chartCorrectionContent>
				</content>
				<content>
					<graphicContent>
						<chartRefs/>
						<contentNumber>3</contentNumber>
						<graphicContentFileFormat>PNG</graphicContentFileFormat>
						<fileLocator>https://oag.liikennevirasto.fi/tmonline/lokiimage/rest/notice/image/png/8402</fileLocator>
					</graphicContent>
				</content>
			</contents>
		</notice>
		<notice>
			<area>Vuoksi watercourse</area>
			<noticeIdentifier>
				<noticeNumber>252</noticeNumber>
				<noticeYear>2019</noticeYear>
				<noticeType>Normal</noticeType>
			</noticeIdentifier>
			<noticeDatePublished>2019-10-31</noticeDatePublished>
			<noticeStatus>Published</noticeStatus>
			<noticeOriginal>1</noticeOriginal>
			<noticeOriginalSource>Traficom, Helsinki/Helsingfors 2019</noticeOriginalSource>
			<charts>
				<chartProduct>
					<productTitle>M</productTitle>
					<productEditionDate>1970-01-01</productEditionDate>
					<productEditionName>2016</productEditionName>
					<productLastCorrection>
						<noticeNumber>251</noticeNumber>
						<noticeYear>2019</noticeYear>
						<noticeType>Normal</noticeType>
					</productLastCorrection>
					<panels>
						<chartPanel ID="notice_252_product_M_edition_2016_panel_M226">
							<panelName>M226</panelName>
							<horizontalDatumEPSG>4326</horizontalDatumEPSG>
						</chartPanel>
					</panels>
				</chartProduct>
				<chartProduct>
					<productTitle>V</productTitle>
					<productEditionDate>1970-01-01</productEditionDate>
					<productEditionName>2011</productEditionName>
					<productLastCorrection>
						<noticeNumber>251</noticeNumber>
						<noticeYear>2019</noticeYear>
						<noticeType>Normal</noticeType>
					</productLastCorrection>
					<panels>
						<chartPanel ID="notice_252_product_V_edition_2011_panel_V226">
							<panelName>V226</panelName>
							<horizontalDatumEPSG>4326</horizontalDatumEPSG>
						</chartPanel>
					</panels>
				</chartProduct>
			</charts>
			<contents>
				<content>
					<chartCorrectionContent>
						<chartRefs>
							<chartRef IDREF="notice_252_product_M_edition_2016_panel_M226"/>
							<chartRef IDREF="notice_252_product_V_edition_2011_panel_V226"/>
						</chartRefs>
						<contentNumber>1</contentNumber>
						<chartcorrectionAction>Insert</chartcorrectionAction>
						<symbols>
							<symbol>
								<alternativeProvision>
									<fileBasedSymbol>
										<symbolFormat>PNG</symbolFormat>
										<fileLocator>https://oag.liikennevirasto.fi/tmonline/lokiimage/rest/chartimages/323</fileLocator>
									</fileBasedSymbol>
								</alternativeProvision>
								<correctionInstruction>Correct 6 m depth contour</correctionInstruction>
							</symbol>
						</symbols>
						<externalContents/>
						<positions>
							<position>
								<positionDescription/>
								<positionPoint>
									<latitudeDecimal>61.98783</latitudeDecimal>
									<latitudeDegrees>61</latitudeDegrees>
									<latitudeMinutes>59.27</latitudeMinutes>
									<longitudeDecimal>28.68333</longitudeDecimal>
									<longitudeDegrees>28</longitudeDegrees>
									<longitudeMinutes>41.00</longitudeMinutes>
								</positionPoint>
							</position>
						</positions>
					</chartCorrectionContent>
				</content>
				<content>
					<graphicContent>
						<chartRefs/>
						<contentNumber>2</contentNumber>
						<graphicContentFileFormat>PNG</graphicContentFileFormat>
						<fileLocator>https://oag.liikennevirasto.fi/tmonline/lokiimage/rest/notice/image/png/8413</fileLocator>
					</graphicContent>
				</content>
			</contents>
		</notice>
		<notice>
			<area>Vuoksi watercourse</area>
			<noticeIdentifier>
				<noticeNumber>253</noticeNumber>
				<noticeYear>2019</noticeYear>
				<noticeType>Normal</noticeType>
			</noticeIdentifier>
			<noticeDatePublished>2019-10-31</noticeDatePublished>
			<noticeStatus>Published</noticeStatus>
			<noticeOriginal>1</noticeOriginal>
			<noticeOriginalSource>Traficom, Helsinki/Helsingfors 2019</noticeOriginalSource>
			<charts>
				<chartProduct>
					<productTitle>M</productTitle>
					<productEditionDate>1970-01-01</productEditionDate>
					<productEditionName>2016</productEditionName>
					<productLastCorrection>
						<noticeNumber>252</noticeNumber>
						<noticeYear>2019</noticeYear>
						<noticeType>Normal</noticeType>
					</productLastCorrection>
					<panels>
						<chartPanel ID="notice_253_product_M_edition_2016_panel_M226">
							<panelName>M226</panelName>
							<horizontalDatumEPSG>4326</horizontalDatumEPSG>
						</chartPanel>
					</panels>
				</chartProduct>
				<chartProduct>
					<productTitle>V</productTitle>
					<productEditionDate>1970-01-01</productEditionDate>
					<productEditionName>2011</productEditionName>
					<productLastCorrection>
						<noticeNumber>252</noticeNumber>
						<noticeYear>2019</noticeYear>
						<noticeType>Normal</noticeType>
					</productLastCorrection>
					<panels>
						<chartPanel ID="notice_253_product_V_edition_2011_panel_V226">
							<panelName>V226</panelName>
							<horizontalDatumEPSG>4326</horizontalDatumEPSG>
						</chartPanel>
					</panels>
				</chartProduct>
			</charts>
			<contents>
				<content>
					<chartCorrectionContent>
						<chartRefs>
							<chartRef IDREF="notice_253_product_M_edition_2016_panel_M226"/>
							<chartRef IDREF="notice_253_product_V_edition_2011_panel_V226"/>
						</chartRefs>
						<contentNumber>1</contentNumber>
						<chartcorrectionAction>Insert</chartcorrectionAction>
						<symbols>
							<symbol>
								<alternativeProvision>
									<fileBasedSymbol>
										<symbolFormat>PNG</symbolFormat>
										<fileLocator>https://oag.liikennevirasto.fi/tmonline/lokiimage/rest/chartimages/6</fileLocator>
									</fileBasedSymbol>
								</alternativeProvision>
								<correctionInstruction>Correct depth contours</correctionInstruction>
							</symbol>
						</symbols>
						<externalContents/>
						<positions>
							<position>
								<positionDescription/>
								<positionPoint>
									<latitudeDecimal>62.0145</latitudeDecimal>
									<latitudeDegrees>62</latitudeDegrees>
									<latitudeMinutes>00.87</latitudeMinutes>
									<longitudeDecimal>28.53917</longitudeDecimal>
									<longitudeDegrees>28</longitudeDegrees>
									<longitudeMinutes>32.35</longitudeMinutes>
								</positionPoint>
							</position>
						</positions>
					</chartCorrectionContent>
				</content>
				<content>
					<chartCorrectionContent>
						<chartRefs>
							<chartRef IDREF="notice_253_product_M_edition_2016_panel_M226"/>
							<chartRef IDREF="notice_253_product_V_edition_2011_panel_V226"/>
						</chartRefs>
						<contentNumber>2</contentNumber>
						<chartcorrectionAction>Insert</chartcorrectionAction>
						<symbols>
							<symbol>
								<alternativeProvision>
									<fileBasedSymbol>
										<symbolFormat>PNG</symbolFormat>
										<fileLocator>https://oag.liikennevirasto.fi/tmonline/lokiimage/rest/chartimages/1205</fileLocator>
									</fileBasedSymbol>
								</alternativeProvision>
								<correctionInstruction>Correct depth contours</correctionInstruction>
							</symbol>
						</symbols>
						<externalContents/>
						<positions>
							<position>
								<positionDescription/>
								<positionPoint>
									<latitudeDecimal>62.01517</latitudeDecimal>
									<latitudeDegrees>62</latitudeDegrees>
									<latitudeMinutes>00.91</latitudeMinutes>
									<longitudeDecimal>28.54183</longitudeDecimal>
									<longitudeDegrees>28</longitudeDegrees>
									<longitudeMinutes>32.51</longitudeMinutes>
								</positionPoint>
							</position>
						</positions>
					</chartCorrectionContent>
				</content>
				<content>
					<graphicContent>
						<chartRefs/>
						<contentNumber>3</contentNumber>
						<graphicContentFileFormat>PNG</graphicContentFileFormat>
						<fileLocator>https://oag.liikennevirasto.fi/tmonline/lokiimage/rest/notice/image/png/8411</fileLocator>
					</graphicContent>
				</content>
			</contents>
		</notice>
		<notice>
			<area>Vuoksi watercourse</area>
			<noticeIdentifier>
				<noticeNumber>254</noticeNumber>
				<noticeYear>2019</noticeYear>
				<noticeType>Normal</noticeType>
			</noticeIdentifier>
			<noticeDatePublished>2019-10-31</noticeDatePublished>
			<noticeStatus>Published</noticeStatus>
			<noticeOriginal>1</noticeOriginal>
			<noticeOriginalSource>Traficom, Helsinki/Helsingfors 2019</noticeOriginalSource>
			<charts>
				<chartProduct>
					<productTitle>M</productTitle>
					<productEditionDate>1970-01-01</productEditionDate>
					<productEditionName>2016</productEditionName>
					<productLastCorrection>
						<noticeNumber>253</noticeNumber>
						<noticeYear>2019</noticeYear>
						<noticeType>Normal</noticeType>
					</productLastCorrection>
					<panels>
						<chartPanel ID="notice_254_product_M_edition_2016_panel_M226">
							<panelName>M226</panelName>
							<horizontalDatumEPSG>4326</horizontalDatumEPSG>
						</chartPanel>
					</panels>
				</chartProduct>
				<chartProduct>
					<productTitle>V</productTitle>
					<productEditionDate>1970-01-01</productEditionDate>
					<productEditionName>2011</productEditionName>
					<productLastCorrection>
						<noticeNumber>253</noticeNumber>
						<noticeYear>2019</noticeYear>
						<noticeType>Normal</noticeType>
					</productLastCorrection>
					<panels>
						<chartPanel ID="notice_254_product_V_edition_2011_panel_V226">
							<panelName>V226</panelName>
							<horizontalDatumEPSG>4326</horizontalDatumEPSG>
						</chartPanel>
					</panels>
				</chartProduct>
			</charts>
			<contents>
				<content>
					<chartCorrectionContent>
						<chartRefs>
							<chartRef IDREF="notice_254_product_M_edition_2016_panel_M226"/>
							<chartRef IDREF="notice_254_product_V_edition_2011_panel_V226"/>
						</chartRefs>
						<contentNumber>1</contentNumber>
						<chartcorrectionAction>Insert</chartcorrectionAction>
						<symbols>
							<symbol>
								<alternativeProvision>
									<fileBasedSymbol>
										<symbolFormat>PNG</symbolFormat>
										<fileLocator>https://oag.liikennevirasto.fi/tmonline/lokiimage/rest/chartimages/2488</fileLocator>
									</fileBasedSymbol>
								</alternativeProvision>
								<correctionInstruction>Correct 6 m depth contour</correctionInstruction>
							</symbol>
						</symbols>
						<externalContents/>
						<positions>
							<position>
								<positionDescription/>
								<positionPoint>
									<latitudeDecimal>62.01567</latitudeDecimal>
									<latitudeDegrees>62</latitudeDegrees>
									<latitudeMinutes>00.94</latitudeMinutes>
									<longitudeDecimal>28.5215</longitudeDecimal>
									<longitudeDegrees>28</longitudeDegrees>
									<longitudeMinutes>31.29</longitudeMinutes>
								</positionPoint>
							</position>
						</positions>
					</chartCorrectionContent>
				</content>
				<content>
					<graphicContent>
						<chartRefs/>
						<contentNumber>2</contentNumber>
						<graphicContentFileFormat>PNG</graphicContentFileFormat>
						<fileLocator>https://oag.liikennevirasto.fi/tmonline/lokiimage/rest/notice/image/png/8400</fileLocator>
					</graphicContent>
				</content>
			</contents>
		</notice>
		<notice>
			<area>Vuoksi watercourse</area>
			<noticeIdentifier>
				<noticeNumber>255</noticeNumber>
				<noticeYear>2019</noticeYear>
				<noticeType>Normal</noticeType>
			</noticeIdentifier>
			<noticeDatePublished>2019-10-31</noticeDatePublished>
			<noticeStatus>Published</noticeStatus>
			<noticeOriginal>1</noticeOriginal>
			<noticeOriginalSource>Traficom, Helsinki/Helsingfors 2019</noticeOriginalSource>
			<charts>
				<chartProduct>
					<productTitle>M</productTitle>
					<productEditionDate>1970-01-01</productEditionDate>
					<productEditionName>2016</productEditionName>
					<productLastCorrection>
						<noticeNumber>254</noticeNumber>
						<noticeYear>2019</noticeYear>
						<noticeType>Normal</noticeType>
					</productLastCorrection>
					<panels>
						<chartPanel ID="notice_255_product_M_edition_2016_panel_M232">
							<panelName>M232</panelName>
							<horizontalDatumEPSG>4326</horizontalDatumEPSG>
						</chartPanel>
					</panels>
				</chartProduct>
			</charts>
			<contents>
				<content>
					<chartCorrectionContent>
						<chartRefs>
							<chartRef IDREF="notice_255_product_M_edition_2016_panel_M232"/>
						</chartRefs>
						<contentNumber>1</contentNumber>
						<chartcorrectionAction>Delete</chartcorrectionAction>
						<symbols>
							<symbol>
								<alternativeProvision>
									<fileBasedSymbol>
										<symbolFormat>PNG</symbolFormat>
										<fileLocator>https://oag.liikennevirasto.fi/tmonline/lokiimage/rest/chartimages/81</fileLocator>
									</fileBasedSymbol>
								</alternativeProvision>
								<correctionInstruction>Between the following positions:</correctionInstruction>
							</symbol>
						</symbols>
						<externalContents/>
						<positions>
							<position>
								<positionDescription/>
								<positionPoint>
									<latitudeDecimal>62.583</latitudeDecimal>
									<latitudeDegrees>62</latitudeDegrees>
									<latitudeMinutes>34.98</latitudeMinutes>
									<longitudeDecimal>27.64683</longitudeDecimal>
									<longitudeDegrees>27</longitudeDegrees>
									<longitudeMinutes>38.81</longitudeMinutes>
								</positionPoint>
							</position>
							<position>
								<positionDescription/>
								<positionPoint>
									<latitudeDecimal>62.58533</latitudeDecimal>
									<latitudeDegrees>62</latitudeDegrees>
									<latitudeMinutes>35.12</latitudeMinutes>
									<longitudeDecimal>27.65133</longitudeDecimal>
									<longitudeDegrees>27</longitudeDegrees>
									<longitudeMinutes>39.08</longitudeMinutes>
								</positionPoint>
							</position>
						</positions>
					</chartCorrectionContent>
				</content>
				<content>
					<graphicContent>
						<chartRefs/>
						<contentNumber>2</contentNumber>
						<graphicContentFileFormat>PNG</graphicContentFileFormat>
						<fileLocator>https://oag.liikennevirasto.fi/tmonline/lokiimage/rest/notice/image/png/8431</fileLocator>
					</graphicContent>
				</content>
			</contents>
		</notice>
		<notice>
			<area>Kymijoki watercourse</area>
			<noticeIdentifier>
				<noticeNumber>256</noticeNumber>
				<noticeYear>2019</noticeYear>
				<noticeType>Normal</noticeType>
			</noticeIdentifier>
			<noticeDatePublished>2019-10-31</noticeDatePublished>
			<noticeStatus>Cancelled</noticeStatus>
			<noticeOriginal>1</noticeOriginal>
			<noticeOriginalSource>Traﬁcom, Helsinki/Helsingfors 2019</noticeOriginalSource>
			<charts>
				<chartProduct>
					<productTitle>K</productTitle>
					<productEditionDate>1970-01-01</productEditionDate>
					<productEditionName>2018</productEditionName>
					<productLastCorrection>
						<noticeNumber>194</noticeNumber>
						<noticeYear>2019</noticeYear>
						<noticeType>Temporary</noticeType>
					</productLastCorrection>
					<panels>
						<chartPanel ID="notice_256_product_K_edition_2018_panel_K327">
							<panelName>K327</panelName>
							<horizontalDatumEPSG>4326</horizontalDatumEPSG>
						</chartPanel>
					</panels>
				</chartProduct>
			</charts>
			<contents>
				<content>
					<chartCorrectionContent>
						<chartRefs>
							<chartRef IDREF="notice_256_product_K_edition_2018_panel_K327"/>
						</chartRefs>
						<contentNumber>1</contentNumber>
						<chartcorrectionAction>Insert</chartcorrectionAction>
						<symbols>
							<symbol>
								<alternativeProvision>
									<fileBasedSymbol>
										<symbolFormat>PNG</symbolFormat>
										<fileLocator>https://oag.liikennevirasto.fi/tmonline/lokiimage/rest/chartimages/24</fileLocator>
									</fileBasedSymbol>
								</alternativeProvision>
							</symbol>
						</symbols>
						<externalContents/>
						<positions>
							<position>
								<positionDescription>85391</positionDescription>
								<positionPoint>
									<latitudeDecimal>62.31777</latitudeDecimal>
									<latitudeDegrees>62</latitudeDegrees>
									<latitudeMinutes>19.066</latitudeMinutes>
									<longitudeDecimal>25.97087</longitudeDecimal>
									<longitudeDegrees>25</longitudeDegrees>
									<longitudeMinutes>58.252</longitudeMinutes>
								</positionPoint>
							</position>
						</positions>
					</chartCorrectionContent>
				</content>
				<content>
					<chartCorrectionContent>
						<chartRefs>
							<chartRef IDREF="notice_256_product_K_edition_2018_panel_K327"/>
						</chartRefs>
						<contentNumber>2</contentNumber>
						<chartcorrectionAction>Insert</chartcorrectionAction>
						<symbols>
							<symbol>
								<alternativeProvision>
									<fileBasedSymbol>
										<symbolFormat>PNG</symbolFormat>
										<fileLocator>https://oag.liikennevirasto.fi/tmonline/lokiimage/rest/chartimages/23</fileLocator>
									</fileBasedSymbol>
								</alternativeProvision>
								<symbolText/>
								<correctionInstruction>Between the following positions:</correctionInstruction>
								<correctionInstruction>Delete former centre line</correctionInstruction>
							</symbol>
						</symbols>
						<externalContents/>
						<positions>
							<position>
								<positionDescription/>
								<positionPoint>
									<latitudeDecimal>62.31932</latitudeDecimal>
									<latitudeDegrees>62</latitudeDegrees>
									<latitudeMinutes>19.159</latitudeMinutes>
									<longitudeDecimal>25.97235</longitudeDecimal>
									<longitudeDegrees>25</longitudeDegrees>
									<longitudeMinutes>58.341</longitudeMinutes>
								</positionPoint>
							</position>
							<position>
								<positionDescription/>
								<positionPoint>
									<latitudeDecimal>62.31807</latitudeDecimal>
									<latitudeDegrees>62</latitudeDegrees>
									<latitudeMinutes>19.084</latitudeMinutes>
									<longitudeDecimal>25.9719</longitudeDecimal>
									<longitudeDegrees>25</longitudeDegrees>
									<longitudeMinutes>58.314</longitudeMinutes>
								</positionPoint>
							</position>
							<position>
								<positionDescription/>
								<positionPoint>
									<latitudeDecimal>62.31685</latitudeDecimal>
									<latitudeDegrees>62</latitudeDegrees>
									<latitudeMinutes>19.011</latitudeMinutes>
									<longitudeDecimal>25.96583</longitudeDecimal>
									<longitudeDegrees>25</longitudeDegrees>
									<longitudeMinutes>57.950</longitudeMinutes>
								</positionPoint>
							</position>
						</positions>
					</chartCorrectionContent>
				</content>
				<content>
					<graphicContent>
						<chartRefs/>
						<contentNumber>3</contentNumber>
						<graphicContentFileFormat>PNG</graphicContentFileFormat>
						<fileLocator>https://oag.liikennevirasto.fi/tmonline/lokiimage/rest/notice/image/png/8452</fileLocator>
					</graphicContent>
				</content>
			</contents>
		</notice>
		<notice>
			<area>Announcements</area>
			<noticeIdentifier>
				<noticeNumber>257</noticeNumber>
				<noticeYear>2019</noticeYear>
				<noticeType>Normal</noticeType>
			</noticeIdentifier>
			<noticeDatePublished>2019-10-31</noticeDatePublished>
			<noticeStatus>Published</noticeStatus>
			<noticeOriginal>1</noticeOriginal>
			<noticeOriginalSource>Vessel Trafic Services Finland Oy, 2019</noticeOriginalSource>
			<charts/>
			<contents>
				<content>
					<textContent>
						<chartRefs/>
						<contentNumber>1</contentNumber>
						<text>Helsinki VTS Master’s Guide has been updated. The new Master’s Guide will come into force on the 15th of October 2019. The key changes apply to passing and overtaking in the fairways in the Emäsalo area, Helsinki VTS, sector 2. More detailed instructions can be found from the 10th of October 2019 in the updated Master’s Guides on VTS Finland’s website https://tmfg.fi/en/vts/masters-guide.</text>
					</textContent>
				</content>
			</contents>
		</notice>
		<notice>
			<area>Announcements</area>
			<noticeIdentifier>
				<noticeNumber>258</noticeNumber>
				<noticeYear>2019</noticeYear>
				<noticeType>Normal</noticeType>
			</noticeIdentifier>
			<noticeDatePublished>2019-10-31</noticeDatePublished>
			<noticeStatus>Published</noticeStatus>
			<noticeOriginal>1</noticeOriginal>
			<noticeOriginalSource>Vessel Trafic Services Finland Oy, 2019</noticeOriginalSource>
			<charts/>
			<contents>
				<content>
					<textContent>
						<chartRefs/>
						<contentNumber>1</contentNumber>
						<text>Procedure for requesting permission to depart to be introduced in the Ports of Pietarsaari and Vaasa
Starting from 1 November 2011, a procedure for requesting permission to depart will be introduced in the Port of Pietarsaari and in the Port of Vaasa. Vessels shall submit a departure report in order to be given permission to depart. The permission to depart issued by the VTS is valid for 20 minutes. 
Vessel traffic services are provided by Bothnia VTS (VHF channel 67) in the Port of Pietarsaari and by West Coast VTS (VHF channel 9) in the Port of Vaasa.
More information can be found from 1 November 2019 in the updated Master’s Guides on VTS Finland’s website at https://tmfg.fi/en/vts/masters-guide.</text>
					</textContent>
				</content>
			</contents>
		</notice>
		<notice>
			<area>Announcements</area>
			<noticeIdentifier>
				<noticeNumber>259</noticeNumber>
				<noticeYear>2019</noticeYear>
				<noticeType>Normal</noticeType>
			</noticeIdentifier>
			<noticeDatePublished>2019-10-31</noticeDatePublished>
			<noticeStatus>Published</noticeStatus>
			<noticeOriginal>1</noticeOriginal>
			<noticeOriginalSource>Vessel Trafic Services Finland Oy, 2019</noticeOriginalSource>
			<charts/>
			<contents>
				<content>
					<textContent>
						<chartRefs/>
						<contentNumber>1</contentNumber>
						<text>Amendments to the decision to establish a VTS
The decision to establish a VTS has been amended and the new decision entered into force on 3 May 2019. The key amendment is that English will be adopted as the primary communication language in the VTS areas along the Finnish coast. Amendments have also been made to the Saimaa VTS area and the reporting points in Lake Saimaa. More detailed information can be found in the updated Master’s Guides on VTS Finland’s website: https://tmfg.fi/en/vts/masters-guide.
The procedure of using English as the primary communication language will be adopted on the 1st of October 2019 in the VTS areas along the Finnish coast, but not in the Lake Saimaa region.</text>
					</textContent>
				</content>
			</contents>
		</notice>
	</notices>
</NoticeToMarinerList>